1456210658.743950,42.408129,-71.125012,16.832109,65.000000,-1.000000,-1.000000,0.980000
1456210665.924659,42.408136,-71.125008,16.832109,80.427106,-1.000000,-1.000000,0.980000
1456210665.941507,42.408143,-71.125004,16.832109,80.427106,-1.000000,-1.000000,0.980000
1456210665.953324,42.408149,-71.125000,16.832109,80.427106,-1.000000,-1.000000,0.980000
1456210665.963598,42.408156,-71.124996,16.832109,80.427106,-1.000000,-1.000000,0.980000
1456210666.123385,42.408288,-71.125096,17.659039,65.000000,-1.000000,-1.000000,0.980000
1456210667.407358,42.408312,-71.125148,31.544857,30.000000,28.476562,3.590000,0.980000
1456210668.006159,42.408329,-71.125136,31.753262,30.000000,28.476562,3.590000,0.980000
1456210669.002132,42.408280,-71.125137,30.813229,10.000000,-1.000000,0.000000,0.980000
1456210669.820977,42.408280,-71.125137,30.813229,10.000000,-1.000000,0.000000,0.980000
1456210669.999994,42.408227,-71.125155,31.039883,10.000000,-1.000000,0.000000,0.980000
1456210671.000082,42.408227,-71.125155,31.133389,10.000000,-1.000000,0.000000,0.980000
1456210672.000044,42.408227,-71.125155,31.223232,10.000000,-1.000000,0.000000,0.980000
1456210673.000026,42.408227,-71.125155,31.323421,10.000000,-1.000000,0.000000,0.980000
1456210674.000009,42.408227,-71.125155,31.415401,10.000000,-1.000000,0.000000,0.980000
1456210674.702898,42.408227,-71.125155,31.415401,10.000000,-1.000000,0.000000,0.980000
1456210674.999974,42.408227,-71.125155,31.452358,5.000000,-1.000000,0.000000,0.980000
1456210676.000035,42.408227,-71.125155,31.366116,10.000000,-1.000000,0.000000,0.980000
1456210677.000015,42.408227,-71.125155,31.388882,10.000000,344.882812,0.000000,0.980000
1456210677.999969,42.408227,-71.125155,31.428493,10.000000,344.882812,0.000000,0.980000
1456210678.999970,42.408227,-71.125155,31.614559,5.000000,305.859375,0.000000,0.980000
1456210679.999970,42.408224,-71.125154,30.904598,5.000000,308.320312,0.150000,0.980000
1456210680.999970,42.408224,-71.125154,31.792873,5.000000,319.921875,0.000000,0.980000
1456210681.999971,42.408224,-71.125154,32.321957,5.000000,189.140625,0.000000,0.980000
1456210682.999970,42.408224,-71.125154,32.279781,5.000000,189.140625,0.000000,0.980000
1456210683.999969,42.408224,-71.125154,32.427120,5.000000,189.140625,0.000000,0.980000
1456210684.999970,42.408224,-71.125154,32.548763,5.000000,189.140625,0.000000,0.980000
1456210685.999971,42.408224,-71.125154,32.568905,5.000000,189.140625,0.000000,0.980000
1456210686.999970,42.408224,-71.125154,32.617641,5.000000,189.140625,0.000000,0.980000
1456210687.999970,42.408224,-71.125154,32.843349,5.000000,189.140625,0.000000,0.980000
1456210688.999970,42.408224,-71.125154,32.942654,5.000000,189.140625,0.000000,0.980000
1456210689.999970,42.408224,-71.125154,33.090023,5.000000,189.140625,0.000000,0.980000
1456210690.999970,42.408224,-71.125154,33.200649,5.000000,189.140625,0.000000,0.980000
1456210691.999969,42.408224,-71.125154,33.316463,5.000000,189.140625,0.000000,0.980000
1456210692.999970,42.408224,-71.125154,33.361477,5.000000,189.140625,0.000000,0.980000
1456210693.999970,42.408224,-71.125154,33.451595,5.000000,189.140625,0.000000,0.980000
1456210694.999970,42.408224,-71.125154,33.355434,5.000000,189.140625,0.000000,0.980000
1456210695.999970,42.408224,-71.125154,33.526974,5.000000,189.140625,0.000000,0.980000
1456210696.999969,42.408224,-71.125154,33.417080,5.000000,189.140625,0.000000,0.980000
1456210697.999969,42.408224,-71.125154,33.516659,5.000000,189.140625,0.000000,0.980000
1456210698.999970,42.408224,-71.125154,33.447170,5.000000,189.140625,0.000000,0.980000
1456210699.999969,42.408224,-71.125154,33.352993,5.000000,189.140625,0.000000,0.980000
1456210700.999970,42.408224,-71.125154,33.317593,5.000000,189.140625,0.000000,0.980000
1456210701.999970,42.408224,-71.125154,33.238766,5.000000,189.140625,0.000000,0.980000
1456210702.999969,42.408224,-71.125154,33.101742,5.000000,189.140625,0.000000,0.980000
1456210703.999969,42.408224,-71.125154,33.025204,5.000000,189.140625,0.000000,0.980000
1456210704.999969,42.408224,-71.125154,33.122646,5.000000,189.140625,0.000000,0.980000
1456210705.999969,42.408224,-71.125154,33.243313,5.000000,189.140625,0.000000,0.980000
1456210706.999969,42.408224,-71.125154,33.305447,5.000000,189.140625,0.000000,0.980000
1456210707.999971,42.408224,-71.125154,33.267818,5.000000,189.140625,0.000000,0.980000
1456210708.999971,42.408224,-71.125154,33.189968,5.000000,189.140625,0.000000,0.980000
1456210709.999969,42.408224,-71.125154,33.184322,5.000000,189.140625,0.000000,0.980000
1456210710.999970,42.408224,-71.125154,33.143795,5.000000,-1.000000,0.000000,0.980000
1456210711.999969,42.408224,-71.125154,33.105587,5.000000,-1.000000,0.000000,0.980000
1456210712.999970,42.408224,-71.125154,33.090542,5.000000,-1.000000,0.000000,0.980000
1456210713.999970,42.408224,-71.125154,32.917873,5.000000,-1.000000,0.000000,0.980000
1456210714.999970,42.408224,-71.125154,32.885555,5.000000,-1.000000,0.000000,0.980000
1456210715.999970,42.408224,-71.125154,32.944729,5.000000,-1.000000,0.000000,0.980000
1456210716.999970,42.408224,-71.125154,33.075771,5.000000,-1.000000,0.000000,0.980000
1456210717.999969,42.408224,-71.125154,33.200558,5.000000,-1.000000,0.000000,0.980000
1456210718.999970,42.408224,-71.125154,33.211575,5.000000,-1.000000,0.000000,0.980000
1456210719.999969,42.408224,-71.125154,33.299282,5.000000,-1.000000,0.000000,0.980000
1456210720.999971,42.408224,-71.125154,32.963833,5.000000,-1.000000,0.000000,0.980000
1456210721.999969,42.408224,-71.125154,32.828915,5.000000,-1.000000,0.000000,0.980000
1456210722.999970,42.408224,-71.125154,32.921566,5.000000,-1.000000,0.000000,0.980000
1456210723.999969,42.408224,-71.125154,32.833248,5.000000,-1.000000,0.000000,0.980000
1456210724.999970,42.408224,-71.125154,32.681454,5.000000,-1.000000,0.000000,0.980000
1456210725.999970,42.408224,-71.125154,32.662930,5.000000,-1.000000,0.000000,0.980000
1456210726.999970,42.408224,-71.125154,32.629757,5.000000,-1.000000,0.000000,0.980000
1456210727.999970,42.408224,-71.125154,32.652798,5.000000,-1.000000,0.000000,0.980000
1456210728.999969,42.408224,-71.125154,32.492458,5.000000,-1.000000,0.000000,0.980000
1456210729.999970,42.408224,-71.125154,32.424892,10.000000,-1.000000,0.000000,0.980000
1456210730.999970,42.408224,-71.125154,32.357510,10.000000,-1.000000,0.000000,0.980000
1456210731.999969,42.408224,-71.125154,32.207516,10.000000,-1.000000,0.000000,0.980000
1456210732.999970,42.408224,-71.125154,32.014400,10.000000,-1.000000,0.000000,0.980000
1456210733.999970,42.408224,-71.125154,31.951046,10.000000,-1.000000,0.000000,0.980000
1456210734.999970,42.408224,-71.125154,32.001369,10.000000,-1.000000,0.000000,0.980000
1456210735.999969,42.408224,-71.125154,32.234158,10.000000,-1.000000,0.000000,0.980000
1456210736.999969,42.408224,-71.125154,32.197170,10.000000,-1.000000,0.000000,0.980000
1456210737.999970,42.408224,-71.125154,32.196194,10.000000,-1.000000,0.000000,0.980000
1456210738.999970,42.408224,-71.125154,32.372585,10.000000,-1.000000,0.000000,0.980000
1456210739.999970,42.408224,-71.125154,32.334164,10.000000,-1.000000,0.000000,0.980000
1456210740.999970,42.408224,-71.125154,32.488735,10.000000,-1.000000,0.000000,0.980000
1456210741.999969,42.408224,-71.125154,32.644558,10.000000,-1.000000,0.000000,0.980000
1456210742.999969,42.408224,-71.125154,32.649105,10.000000,-1.000000,0.000000,0.980000
1456210743.999969,42.408224,-71.125154,32.848965,10.000000,-1.000000,0.000000,0.980000
1456210744.999969,42.408224,-71.125154,33.018856,10.000000,-1.000000,0.000000,0.980000
1456210745.999970,42.408224,-71.125154,32.734463,10.000000,-1.000000,0.000000,0.980000
1456210746.999970,42.408224,-71.125154,32.825558,10.000000,-1.000000,0.000000,0.980000
1456210747.999969,42.408224,-71.125154,32.845669,10.000000,-1.000000,0.000000,0.980000
1456210748.999970,42.408224,-71.125154,32.890224,10.000000,-1.000000,0.000000,0.980000
1456210749.999969,42.408224,-71.125154,32.937252,10.000000,-1.000000,0.000000,0.980000
1456210750.999969,42.408224,-71.125154,32.869595,10.000000,-1.000000,0.000000,0.980000
1456210751.999969,42.408224,-71.125154,32.756802,10.000000,-1.000000,0.000000,0.980000
1456210752.999970,42.408224,-71.125154,32.852993,10.000000,-1.000000,0.000000,0.980000
1456210753.999970,42.408224,-71.125154,32.933590,10.000000,-1.000000,0.000000,0.980000
1456210754.999970,42.408224,-71.125154,32.871975,10.000000,-1.000000,0.000000,0.980000
1456210755.999969,42.408224,-71.125154,32.903500,10.000000,-1.000000,0.000000,0.980000
1456210756.999970,42.408224,-71.125154,32.763729,10.000000,-1.000000,0.000000,0.980000
1456210757.999971,42.408224,-71.125154,32.673031,10.000000,-1.000000,0.000000,0.980000
1456210758.999970,42.408224,-71.125154,32.711483,10.000000,-1.000000,0.000000,0.980000
1456210759.999969,42.408224,-71.125154,32.629665,10.000000,-1.000000,0.000000,0.980000
1456210760.999970,42.408224,-71.125154,32.604458,10.000000,-1.000000,0.000000,0.980000
1456210761.999970,42.408224,-71.125154,32.659756,10.000000,-1.000000,0.000000,0.980000
1456210762.999970,42.408224,-71.125154,32.616390,10.000000,-1.000000,0.000000,0.980000
1456210763.999970,42.408224,-71.125154,32.565853,10.000000,-1.000000,0.000000,0.980000
1456210764.999970,42.408224,-71.125154,32.477993,10.000000,-1.000000,0.000000,0.980000
1456210765.999969,42.408224,-71.125154,32.343533,10.000000,-1.000000,0.000000,0.980000
1456210766.999970,42.408224,-71.125154,32.366451,10.000000,-1.000000,0.000000,0.980000
1456210767.999970,42.408224,-71.125154,32.286129,10.000000,-1.000000,0.000000,0.980000
1456210768.999970,42.408224,-71.125154,32.191647,10.000000,-1.000000,0.000000,0.980000
1456210769.999971,42.408224,-71.125154,32.125668,10.000000,-1.000000,0.000000,0.980000
1456210770.999970,42.408224,-71.125154,32.072842,10.000000,-1.000000,0.000000,0.980000
1456210771.999969,42.408224,-71.125154,32.122707,10.000000,-1.000000,0.000000,0.980000
1456210772.999969,42.408224,-71.125154,32.118343,10.000000,-1.000000,0.000000,0.980000
1456210773.999970,42.408224,-71.125154,32.105984,10.000000,-1.000000,0.000000,0.980000
1456210774.999970,42.408224,-71.125154,32.134518,10.000000,-1.000000,0.000000,0.980000
1456210775.999970,42.408224,-71.125154,32.095303,10.000000,-1.000000,0.000000,0.980000
1456210776.999969,42.408224,-71.125154,32.125332,10.000000,-1.000000,0.000000,0.980000
1456210777.999969,42.408224,-71.125154,32.209042,10.000000,-1.000000,0.000000,0.980000
1456210778.999970,42.408224,-71.125154,32.352413,10.000000,-1.000000,0.000000,0.980000
1456210779.999970,42.408224,-71.125154,32.455410,10.000000,-1.000000,0.000000,0.980000
1456210780.999970,42.408224,-71.125154,32.426937,10.000000,-1.000000,0.000000,0.980000
1456210781.999970,42.408224,-71.125154,32.432308,10.000000,-1.000000,0.000000,0.980000
1456210782.999969,42.408224,-71.125154,32.440639,10.000000,-1.000000,0.000000,0.980000
1456210783.999970,42.408224,-71.125154,32.508358,10.000000,-1.000000,0.000000,0.980000
1456210784.999970,42.408224,-71.125154,32.367733,10.000000,-1.000000,0.000000,0.980000
1456210785.999970,42.408224,-71.125154,32.613430,10.000000,-1.000000,0.000000,0.980000
1456210786.999970,42.408224,-71.125154,32.608028,10.000000,-1.000000,0.000000,0.980000
1456210787.999970,42.408224,-71.125154,32.292965,10.000000,-1.000000,0.000000,0.980000
1456210788.999969,42.408224,-71.125154,32.639980,10.000000,-1.000000,0.000000,0.980000
1456210789.999970,42.408224,-71.125154,32.626919,10.000000,-1.000000,0.000000,0.980000
1456210790.999970,42.408224,-71.125154,32.585812,10.000000,-1.000000,0.000000,0.980000
1456210791.999970,42.408224,-71.125154,32.566982,10.000000,-1.000000,0.000000,0.980000
1456210792.999969,42.408224,-71.125154,32.484035,10.000000,-1.000000,0.000000,0.980000
1456210793.999970,42.408224,-71.125154,32.514858,10.000000,-1.000000,0.000000,0.980000
1456210794.999970,42.408224,-71.125154,32.521999,10.000000,-1.000000,0.000000,0.980000
1456210795.999969,42.408224,-71.125154,32.786037,10.000000,-1.000000,0.000000,0.980000
1456210796.999970,42.408224,-71.125154,33.006161,10.000000,-1.000000,0.000000,0.980000
1456210797.999970,42.408224,-71.125154,32.927029,10.000000,-1.000000,0.000000,0.980000
1456210798.999971,42.408224,-71.125154,32.963894,10.000000,-1.000000,0.000000,0.980000
1456210799.999971,42.408224,-71.125154,33.082363,10.000000,-1.000000,0.000000,0.980000
1456210800.999969,42.408224,-71.125154,32.776241,10.000000,-1.000000,0.000000,0.980000
1456210801.999969,42.408224,-71.125154,32.753902,10.000000,-1.000000,0.000000,0.980000
1456210802.999970,42.408224,-71.125154,32.633297,10.000000,-1.000000,0.000000,0.980000
1456210803.999970,42.408224,-71.125154,32.420437,10.000000,-1.000000,0.000000,0.980000
1456210804.999970,42.408224,-71.125154,32.378994,10.000000,-1.000000,0.000000,0.980000
1456210805.999970,42.408224,-71.125154,32.146145,10.000000,-1.000000,0.000000,0.980000
1456210806.999969,42.408224,-71.125154,32.064754,10.000000,-1.000000,0.000000,0.980000
1456210807.999970,42.408224,-71.125154,32.016232,10.000000,-1.000000,0.000000,0.980000
1456210808.999970,42.408224,-71.125154,31.919033,10.000000,-1.000000,0.000000,0.980000
1456210809.999970,42.408224,-71.125154,31.974483,10.000000,-1.000000,0.000000,0.980000
1456210810.999970,42.408224,-71.125154,31.878323,10.000000,-1.000000,0.000000,0.980000
1456210811.999970,42.408224,-71.125154,31.951687,10.000000,-1.000000,0.000000,0.980000
1456210812.999969,42.408224,-71.125154,31.966579,10.000000,-1.000000,0.000000,0.980000
1456210813.999970,42.408224,-71.125154,32.182064,10.000000,-1.000000,0.000000,0.980000
1456210814.999970,42.408224,-71.125154,32.245541,10.000000,-1.000000,0.000000,0.980000
1456210815.999969,42.408224,-71.125154,32.187618,10.000000,-1.000000,0.000000,0.980000
1456210816.999970,42.408224,-71.125154,32.278316,10.000000,-1.000000,0.000000,0.980000
1456210817.999970,42.408224,-71.125154,32.415462,10.000000,-1.000000,0.000000,0.980000
1456210818.999970,42.408224,-71.125154,32.520565,10.000000,-1.000000,0.000000,0.980000
1456210819.999971,42.408224,-71.125154,32.766964,10.000000,-1.000000,0.000000,0.980000
1456210820.999970,42.408224,-71.125154,32.652584,10.000000,-1.000000,0.000000,0.980000
1456210821.999970,42.408224,-71.125154,32.570766,10.000000,-1.000000,0.000000,0.980000
1456210822.999969,42.408224,-71.125154,32.939297,10.000000,-1.000000,0.000000,0.980000
1456210823.999971,42.408224,-71.125154,32.953976,10.000000,-1.000000,0.000000,0.980000
1456210824.999970,42.408224,-71.125154,33.319881,10.000000,-1.000000,0.000000,0.980000
1456210825.999970,42.408224,-71.125154,33.276974,10.000000,-1.000000,0.000000,0.980000
1456210826.999970,42.408224,-71.125154,33.231808,10.000000,-1.000000,0.000000,0.980000
1456210827.999970,42.408224,-71.125154,33.410763,10.000000,-1.000000,0.000000,0.980000
1456210828.999969,42.408224,-71.125154,33.602474,10.000000,-1.000000,0.000000,0.980000
1456210829.999970,42.408224,-71.125154,33.770596,10.000000,-1.000000,0.000000,0.980000
1456210830.999970,42.408224,-71.125154,33.767056,10.000000,-1.000000,0.000000,0.980000
1456210831.999970,42.408224,-71.125154,33.626888,10.000000,-1.000000,0.000000,0.980000
1456210832.999970,42.408224,-71.125154,33.522274,10.000000,-1.000000,0.000000,0.980000
1456210833.999969,42.408224,-71.125154,33.203518,10.000000,-1.000000,0.000000,0.980000
1456210834.999969,42.408224,-71.125154,33.297054,10.000000,-1.000000,0.000000,0.980000
1456210835.999969,42.408224,-71.125154,33.217953,10.000000,-1.000000,0.000000,0.980000
1456210836.999970,42.408224,-71.125154,33.218349,10.000000,-1.000000,0.000000,0.980000
1456210837.999969,42.408224,-71.125154,33.295773,10.000000,-1.000000,0.000000,0.980000
1456210838.999969,42.408224,-71.125154,33.213741,10.000000,-1.000000,0.000000,0.980000
1456210839.999969,42.408224,-71.125154,33.079708,10.000000,-1.000000,0.000000,0.980000
1456210840.999970,42.408224,-71.125154,33.105984,10.000000,-1.000000,0.000000,0.980000
1456210841.999970,42.408224,-71.125154,33.026913,10.000000,-1.000000,0.000000,0.980000
1456210842.999970,42.408224,-71.125154,33.074154,10.000000,-1.000000,0.000000,0.980000
1456210843.999969,42.408224,-71.125154,33.184139,10.000000,-1.000000,0.000000,0.980000
1456210844.999969,42.408224,-71.125154,33.086300,10.000000,-1.000000,0.000000,0.980000
1456210845.999970,42.408224,-71.125154,33.213039,10.000000,-1.000000,0.000000,0.980000
1456210846.999970,42.408224,-71.125154,33.271114,10.000000,-1.000000,0.000000,0.980000
1456210847.999969,42.408224,-71.125154,33.302425,10.000000,-1.000000,0.000000,0.980000
1456210848.999970,42.408224,-71.125154,33.238766,10.000000,-1.000000,0.000000,0.980000
1456210849.999969,42.408224,-71.125154,33.266018,10.000000,-1.000000,0.000000,0.980000
1456210850.999970,42.408224,-71.125154,33.158901,10.000000,-1.000000,0.000000,0.980000
1456210851.999969,42.408224,-71.125154,33.127132,10.000000,-1.000000,0.000000,0.980000
1456210852.999969,42.408224,-71.125154,33.165737,10.000000,-1.000000,0.000000,0.980000
1456210853.999969,42.408224,-71.125154,33.310207,10.000000,-1.000000,0.000000,0.980000
1456210854.999970,42.408224,-71.125154,33.286953,10.000000,-1.000000,0.000000,0.980000
1456210855.999970,42.408224,-71.125154,33.305141,10.000000,-1.000000,0.000000,0.980000
1456210856.999970,42.408224,-71.125154,32.989346,10.000000,-1.000000,0.000000,0.980000
1456210857.999970,42.408224,-71.125154,32.970913,10.000000,-1.000000,0.000000,0.980000
1456210858.999969,42.408224,-71.125154,32.712460,10.000000,-1.000000,0.000000,0.980000
1456210859.999970,42.408224,-71.125154,32.731594,10.000000,-1.000000,0.000000,0.980000
1456210860.999971,42.408224,-71.125154,32.789639,10.000000,-1.000000,0.000000,0.980000
1456210861.999970,42.408224,-71.125154,32.839169,10.000000,-1.000000,0.000000,0.980000
1456210862.999969,42.408224,-71.125154,32.737698,10.000000,-1.000000,0.000000,0.980000
1456210863.999971,42.408224,-71.125154,32.631802,10.000000,-1.000000,0.000000,0.980000
1456210864.999970,42.408224,-71.125154,32.485134,10.000000,-1.000000,0.000000,0.980000
1456210865.999969,42.408224,-71.125154,32.367641,10.000000,-1.000000,0.000000,0.980000
1456210866.999970,42.408224,-71.125154,32.258083,10.000000,-1.000000,0.000000,0.980000
1456210867.999970,42.408224,-71.125154,32.220364,10.000000,-1.000000,0.000000,0.980000
1456210868.999970,42.408224,-71.125154,32.153469,10.000000,-1.000000,0.000000,0.980000
1456210869.999969,42.408224,-71.125154,32.187008,10.000000,-1.000000,0.000000,0.980000
1456210870.999969,42.408224,-71.125154,32.140713,10.000000,-1.000000,0.000000,0.980000
1456210871.999969,42.408224,-71.125154,32.204159,10.000000,-1.000000,0.000000,0.980000
1456210872.999969,42.408224,-71.125154,32.126614,10.000000,-1.000000,0.000000,0.980000
1456210873.999970,42.408224,-71.125154,32.064083,10.000000,-1.000000,0.000000,0.980000
1456210874.999971,42.408224,-71.125154,32.007381,10.000000,-1.000000,0.000000,0.980000
1456210875.999970,42.408224,-71.125154,31.884426,10.000000,-1.000000,0.000000,0.980000
1456210876.999970,42.408224,-71.125154,31.827114,10.000000,-1.000000,0.000000,0.980000
1456210877.999969,42.408224,-71.125154,31.794186,10.000000,-1.000000,0.000000,0.980000
1456210878.999969,42.408224,-71.125154,31.732235,10.000000,-1.000000,0.000000,0.980000
1456210879.999971,42.408224,-71.125154,31.821835,10.000000,-1.000000,0.000000,0.980000
1456210880.999970,42.408224,-71.125154,31.880489,10.000000,-1.000000,0.000000,0.980000
1456210881.999969,42.408224,-71.125154,31.876339,10.000000,-1.000000,0.000000,0.980000
1456210882.999970,42.408224,-71.125154,31.973965,10.000000,-1.000000,0.000000,0.980000
1456210883.999970,42.408224,-71.125154,31.974148,10.000000,-1.000000,0.000000,0.980000
1456210884.999969,42.408224,-71.125154,31.917995,10.000000,-1.000000,0.000000,0.980000
1456210885.999970,42.408224,-71.125154,32.024715,10.000000,-1.000000,0.000000,0.980000
1456210886.999969,42.408224,-71.125154,32.096035,10.000000,-1.000000,0.000000,0.980000
1456210887.999970,42.408224,-71.125154,32.120663,10.000000,-1.000000,0.000000,0.980000
1456210888.999969,42.408224,-71.125154,32.112911,10.000000,-1.000000,0.000000,0.980000
1456210889.999969,42.408224,-71.125154,32.076809,10.000000,-1.000000,0.000000,0.980000
1456210890.999970,42.408224,-71.125154,32.119808,10.000000,-1.000000,0.000000,0.980000
1456210891.999970,42.408224,-71.125154,32.087429,10.000000,-1.000000,0.000000,0.980000
1456210892.999969,42.408224,-71.125154,32.105648,10.000000,-1.000000,0.000000,0.980000
1456210893.999969,42.408224,-71.125154,32.132687,10.000000,-1.000000,0.000000,0.980000
1456210894.999970,42.408224,-71.125154,32.114346,10.000000,-1.000000,0.000000,0.980000
1456210895.999969,42.408224,-71.125154,32.219112,10.000000,-1.000000,0.000000,0.980000
1456210896.999970,42.408224,-71.125154,32.286129,10.000000,-1.000000,0.000000,0.980000
1456210897.999970,42.408224,-71.125154,32.191708,10.000000,-1.000000,0.000000,0.980000
1456210898.999969,42.408224,-71.125154,32.198635,10.000000,-1.000000,0.000000,0.980000
1456210899.999971,42.408224,-71.125154,32.149044,10.000000,-1.000000,0.000000,0.980000
1456210900.999970,42.408224,-71.125154,32.179958,10.000000,-1.000000,0.000000,0.980000
1456210901.999969,42.408224,-71.125154,32.244228,10.000000,-1.000000,0.000000,0.980000
1456210902.999969,42.408224,-71.125154,32.285458,10.000000,-1.000000,0.000000,0.980000
1456210903.999969,42.408224,-71.125154,32.440517,10.000000,-1.000000,0.000000,0.980000
1456210904.999969,42.408224,-71.125154,32.558132,10.000000,-1.000000,0.000000,0.980000
1456210905.999970,42.408224,-71.125154,32.761410,10.000000,-1.000000,0.000000,0.980000
1456210906.999970,42.408224,-71.125154,32.962521,10.000000,-1.000000,0.000000,0.980000
1456210907.999970,42.408224,-71.125154,32.959255,10.000000,-1.000000,0.000000,0.980000
1456210908.999969,42.408224,-71.125154,33.034939,10.000000,-1.000000,0.000000,0.980000
1456210909.999969,42.408224,-71.125154,33.430355,10.000000,-1.000000,0.000000,0.980000
1456210910.999970,42.408224,-71.125154,33.314816,10.000000,-1.000000,0.000000,0.980000
1456210911.999969,42.408224,-71.125154,33.458767,10.000000,-1.000000,0.000000,0.980000
1456210912.999970,42.408224,-71.125154,33.567745,10.000000,-1.000000,0.000000,0.980000
1456210913.999970,42.408224,-71.125154,33.550045,10.000000,-1.000000,0.000000,0.980000
1456210914.999970,42.408224,-71.125154,33.587429,10.000000,-1.000000,0.000000,0.980000
1456210915.999970,42.408224,-71.125154,33.824245,10.000000,-1.000000,0.000000,0.980000
1456210916.999970,42.408224,-71.125154,33.372677,10.000000,-1.000000,0.000000,0.980000
1456210917.999970,42.408224,-71.125154,33.358639,10.000000,-1.000000,0.000000,0.980000
1456210918.999969,42.408224,-71.125154,33.064297,10.000000,-1.000000,0.000000,0.980000
1456210919.999970,42.408224,-71.125154,33.032589,10.000000,-1.000000,0.000000,0.980000
1456210920.999969,42.408224,-71.125154,32.866695,10.000000,-1.000000,0.000000,0.980000
1456210921.999969,42.408224,-71.125154,32.889065,10.000000,-1.000000,0.000000,0.980000
1456210922.999969,42.408224,-71.125154,33.059200,10.000000,-1.000000,0.000000,0.980000
1456210923.999969,42.408224,-71.125154,32.920162,10.000000,-1.000000,0.000000,0.980000
1456210924.999969,42.408224,-71.125154,32.922482,10.000000,-1.000000,0.000000,0.980000
1456210925.999969,42.408224,-71.125154,32.888790,10.000000,-1.000000,0.000000,0.980000
1456210926.999969,42.408224,-71.125154,32.837307,10.000000,-1.000000,0.000000,0.980000
1456210927.999970,42.408224,-71.125154,32.682919,10.000000,-1.000000,0.000000,0.980000
1456210928.999970,42.408224,-71.125154,32.689144,10.000000,-1.000000,0.000000,0.980000
1456210929.999970,42.408224,-71.125154,32.676052,10.000000,-1.000000,0.000000,0.980000
1456210930.999970,42.408224,-71.125154,32.749416,10.000000,-1.000000,0.000000,0.980000
1456210931.999969,42.408224,-71.125154,32.708279,10.000000,-1.000000,0.000000,0.980000
1456210932.999969,42.408224,-71.125154,32.627377,10.000000,-1.000000,0.000000,0.980000
1456210933.999970,42.408224,-71.125154,33.031765,10.000000,-1.000000,0.000000,0.980000
1456210934.999969,42.408224,-71.125154,33.227993,10.000000,-1.000000,0.000000,0.980000
1456210935.999970,42.408224,-71.125154,33.320736,10.000000,-1.000000,0.000000,0.980000
1456210936.999970,42.408224,-71.125154,33.451687,10.000000,-1.000000,0.000000,0.980000
1456210937.999969,42.408224,-71.125154,33.630611,10.000000,-1.000000,0.000000,0.980000
1456210938.999970,42.408224,-71.125154,33.949123,10.000000,-1.000000,0.000000,0.980000
1456210939.999970,42.408224,-71.125154,33.881588,10.000000,-1.000000,0.000000,0.980000
1456210940.999970,42.408224,-71.125154,33.837704,10.000000,-1.000000,0.000000,0.980000
1456210941.999970,42.408224,-71.125154,33.792110,10.000000,-1.000000,0.000000,0.980000
1456210942.999971,42.408224,-71.125154,33.419979,10.000000,-1.000000,0.000000,0.980000
1456210943.999970,42.408224,-71.125154,33.289364,10.000000,-1.000000,0.000000,0.980000
1456210944.999970,42.408224,-71.125154,32.996670,10.000000,-1.000000,0.000000,0.980000
1456210945.999969,42.408224,-71.125154,32.843777,10.000000,-1.000000,0.000000,0.980000
1456210946.999970,42.408224,-71.125154,32.897060,10.000000,-1.000000,0.000000,0.980000
1456210947.999970,42.408224,-71.125154,33.001675,10.000000,-1.000000,0.000000,0.980000
1456210948.999970,42.408224,-71.125154,32.841824,10.000000,-1.000000,0.000000,0.980000
1456210949.999970,42.408224,-71.125154,33.085903,10.000000,-1.000000,0.000000,0.980000
1456210950.999970,42.408224,-71.125154,33.346127,10.000000,-1.000000,0.000000,0.980000
1456210951.999970,42.408224,-71.125154,33.267178,10.000000,-1.000000,0.000000,0.980000
1456210952.999970,42.408224,-71.125154,33.377438,10.000000,-1.000000,0.000000,0.980000
1456210953.999971,42.408224,-71.125154,33.433712,10.000000,-1.000000,0.000000,0.980000
1456210954.999969,42.408224,-71.125154,33.587582,10.000000,-1.000000,0.000000,0.980000
1456210955.999969,42.408224,-71.125154,33.231960,10.000000,-1.000000,0.000000,0.980000
1456210956.999970,42.408224,-71.125154,33.241604,10.000000,-1.000000,0.000000,0.980000
1456210957.999970,42.408224,-71.125154,33.043575,10.000000,-1.000000,0.000000,0.980000
1456210958.999970,42.408224,-71.125154,32.975399,10.000000,-1.000000,0.000000,0.980000
1456210959.999970,42.408224,-71.125154,33.071011,10.000000,-1.000000,0.000000,0.980000
1456210960.999969,42.408224,-71.125154,33.059231,10.000000,-1.000000,0.000000,0.980000
1456210961.999970,42.408224,-71.125154,33.052883,10.000000,-1.000000,0.000000,0.980000
1456210962.999970,42.408224,-71.125154,33.225674,10.000000,-1.000000,0.000000,0.980000
1456210963.999970,42.408224,-71.125154,33.279995,10.000000,-1.000000,0.000000,0.980000
1456210964.999970,42.408224,-71.125154,33.442043,10.000000,-1.000000,0.000000,0.980000
1456210965.999970,42.408224,-71.125154,33.491146,10.000000,-1.000000,0.000000,0.980000
1456210966.999970,42.408224,-71.125154,33.383907,10.000000,-1.000000,0.000000,0.980000
1456210967.999970,42.408224,-71.125154,33.486050,10.000000,-1.000000,0.000000,0.980000
1456210968.999969,42.408224,-71.125154,33.445736,10.000000,-1.000000,0.000000,0.980000
1456210969.999970,42.408224,-71.125154,33.556210,10.000000,-1.000000,0.000000,0.980000
1456210970.999970,42.408224,-71.125154,33.816708,10.000000,-1.000000,0.000000,0.980000
1456210971.999969,42.408224,-71.125154,33.855404,10.000000,-1.000000,0.000000,0.980000
1456210972.999969,42.408224,-71.125154,33.759426,10.000000,-1.000000,0.000000,0.980000
1456210973.999969,42.408224,-71.125154,33.795650,10.000000,-1.000000,0.000000,0.980000
1456210974.999969,42.408224,-71.125154,33.696835,10.000000,-1.000000,0.000000,0.980000
1456210975.999971,42.408224,-71.125154,33.820644,10.000000,-1.000000,0.000000,0.980000
1456210976.999969,42.408224,-71.125154,33.997280,10.000000,-1.000000,0.000000,0.980000
1456210977.999970,42.408224,-71.125154,34.190731,10.000000,-1.000000,0.000000,0.980000
1456210978.999970,42.408224,-71.125154,34.124264,10.000000,-1.000000,0.000000,0.980000
1456210979.999969,42.408224,-71.125154,34.210110,10.000000,-1.000000,0.000000,0.980000
1456210980.999969,42.408224,-71.125154,34.167233,10.000000,-1.000000,0.000000,0.980000
1456210981.999970,42.408224,-71.125154,34.341702,10.000000,-1.000000,0.000000,0.980000
1456210982.999970,42.408224,-71.125154,34.308773,10.000000,-1.000000,0.000000,0.980000
1456210983.999970,42.408224,-71.125154,34.270809,10.000000,-1.000000,0.000000,0.980000
1456210984.999969,42.408224,-71.125154,34.235470,10.000000,-1.000000,0.000000,0.980000
1456210985.999970,42.408224,-71.125154,34.118801,10.000000,-1.000000,0.000000,0.980000
1456210986.999969,42.408224,-71.125154,34.239712,10.000000,-1.000000,0.000000,0.980000
1456210987.999970,42.408224,-71.125154,34.239895,10.000000,-1.000000,0.000000,0.980000
1456210988.999969,42.408224,-71.125154,34.178127,10.000000,-1.000000,0.000000,0.980000
1456210989.999970,42.408224,-71.125154,33.678493,10.000000,-1.000000,0.000000,0.980000
1456210990.999970,42.408224,-71.125154,33.658657,10.000000,-1.000000,0.000000,0.980000
1456210991.999970,42.408224,-71.125154,33.489529,10.000000,-1.000000,0.000000,0.980000
1456210992.999970,42.408224,-71.125154,33.466885,10.000000,-1.000000,0.000000,0.980000
1456210993.999970,42.408224,-71.125154,33.103512,10.000000,-1.000000,0.000000,0.980000
1456210994.999969,42.408224,-71.125154,32.957394,10.000000,-1.000000,0.000000,0.980000
1456210995.999969,42.408224,-71.125154,32.890530,10.000000,-1.000000,0.000000,0.980000
1456210996.999970,42.408224,-71.125154,32.732449,10.000000,-1.000000,0.000000,0.980000
1456210997.999969,42.408224,-71.125154,32.794949,10.000000,-1.000000,0.000000,0.980000
1456210998.999970,42.408224,-71.125154,32.309963,10.000000,-1.000000,0.000000,0.980000
1456210999.999970,42.408224,-71.125154,32.272762,10.000000,-1.000000,0.000000,0.980000
1456211000.999970,42.408224,-71.125154,32.245693,10.000000,-1.000000,0.000000,0.980000
1456211001.999970,42.408224,-71.125154,32.106533,10.000000,-1.000000,0.000000,0.980000
1456211002.999969,42.408224,-71.125154,32.139919,10.000000,-1.000000,0.000000,0.980000
1456211003.999969,42.408224,-71.125154,32.233089,10.000000,-1.000000,0.000000,0.980000
1456211004.999970,42.408224,-71.125154,32.104855,10.000000,-1.000000,0.000000,0.980000
1456211005.999970,42.408224,-71.125154,32.141506,10.000000,-1.000000,0.000000,0.980000
1456211006.999969,42.408224,-71.125154,32.054134,10.000000,-1.000000,0.000000,0.980000
1456211007.999969,42.408224,-71.125154,32.101040,10.000000,-1.000000,0.000000,0.980000
1456211008.999970,42.408224,-71.125154,32.194057,10.000000,-1.000000,0.000000,0.980000
1456211009.999969,42.408224,-71.125154,32.093349,10.000000,-1.000000,0.000000,0.980000
1456211010.999970,42.408224,-71.125154,32.075741,10.000000,-1.000000,0.000000,0.980000
1456211011.999970,42.408224,-71.125154,32.051296,10.000000,-1.000000,0.000000,0.980000
1456211012.999970,42.408224,-71.125154,32.018276,10.000000,-1.000000,0.000000,0.980000
1456211013.999970,42.408224,-71.125154,31.952785,10.000000,-1.000000,0.000000,0.980000
1456211014.999970,42.408224,-71.125154,31.953609,10.000000,-1.000000,0.000000,0.980000
1456211015.999970,42.408224,-71.125154,31.882626,10.000000,-1.000000,0.000000,0.980000
1456211016.999969,42.408224,-71.125154,32.021847,10.000000,-1.000000,0.000000,0.980000
1456211017.999969,42.408224,-71.125154,31.971859,10.000000,-1.000000,0.000000,0.980000
1456211018.999969,42.408224,-71.125154,31.938564,10.000000,-1.000000,0.000000,0.980000
1456211019.999969,42.408224,-71.125154,31.984066,10.000000,-1.000000,0.000000,0.980000
1456211020.999970,42.408224,-71.125154,31.981960,10.000000,-1.000000,0.000000,0.980000
1456211021.999969,42.408224,-71.125154,32.020290,10.000000,-1.000000,0.000000,0.980000
1456211022.999971,42.408224,-71.125154,32.069576,10.000000,-1.000000,0.000000,0.980000
1456211023.999969,42.408224,-71.125154,32.143459,10.000000,-1.000000,0.000000,0.980000
1456211024.999970,42.408224,-71.125154,31.958157,10.000000,-1.000000,0.000000,0.980000
1456211025.999970,42.408224,-71.125154,31.944698,10.000000,-1.000000,0.000000,0.980000
1456211026.999970,42.408224,-71.125154,32.019711,10.000000,-1.000000,0.000000,0.980000
1456211027.999970,42.408224,-71.125154,32.106533,10.000000,-1.000000,0.000000,0.980000
1456211028.999970,42.408224,-71.125154,32.118160,10.000000,-1.000000,0.000000,0.980000
1456211029.999970,42.408224,-71.125154,32.035824,10.000000,-1.000000,0.000000,0.980000
1456211030.999970,42.408224,-71.125154,32.029171,10.000000,-1.000000,0.000000,0.980000
1456211031.999970,42.408224,-71.125154,32.052090,10.000000,-1.000000,0.000000,0.980000
1456211032.999969,42.408224,-71.125154,31.994747,10.000000,-1.000000,0.000000,0.980000
1456211033.999970,42.408224,-71.125154,31.982235,10.000000,-1.000000,0.000000,0.980000
1456211034.999970,42.408224,-71.125154,32.096859,10.000000,-1.000000,0.000000,0.980000
1456211035.999969,42.408224,-71.125154,31.913723,10.000000,-1.000000,0.000000,0.980000
1456211036.999972,42.408224,-71.125154,31.936611,10.000000,-1.000000,0.000000,0.980000
1456211037.999969,42.408224,-71.125154,31.985531,10.000000,-1.000000,0.000000,0.980000
1456211038.999970,42.408224,-71.125154,32.024197,10.000000,-1.000000,0.000000,0.980000
1456211039.999970,42.408224,-71.125154,31.964046,10.000000,-1.000000,0.000000,0.980000
1456211040.999970,42.408224,-71.125154,32.031246,10.000000,-1.000000,0.000000,0.980000
1456211041.999969,42.408224,-71.125154,32.090908,10.000000,-1.000000,0.000000,0.980000
1456211042.999969,42.408224,-71.125154,32.036495,10.000000,-1.000000,0.000000,0.980000
1456211043.999970,42.408224,-71.125154,31.991879,10.000000,-1.000000,0.000000,0.980000
1456211044.999969,42.408224,-71.125154,31.903164,10.000000,-1.000000,0.000000,0.980000
1456211045.999970,42.408224,-71.125154,31.868526,10.000000,-1.000000,0.000000,0.980000
1456211046.999970,42.408224,-71.125154,31.937466,10.000000,-1.000000,0.000000,0.980000
1456211047.999970,42.408224,-71.125154,32.040401,10.000000,-1.000000,0.000000,0.980000
1456211048.999970,42.408224,-71.125154,31.993130,10.000000,-1.000000,0.000000,0.980000
1456211049.999970,42.408220,-71.125105,32.145229,10.000000,19.335938,0.640000,0.980000
1456211050.999971,42.408220,-71.125105,32.202145,10.000000,34.101562,0.000000,0.980000
1456211051.999970,42.408220,-71.125105,32.207424,10.000000,34.101562,0.000000,0.980000
1456211052.999970,42.408220,-71.125105,32.283291,10.000000,34.101562,0.000000,0.980000
1456211053.999971,42.408220,-71.125105,32.096554,10.000000,34.101562,0.000000,0.980000
1456211054.999970,42.408220,-71.125105,32.297604,10.000000,34.101562,0.000000,0.980000
1456211055.999969,42.408220,-71.125105,32.291195,10.000000,34.101562,0.000000,0.980000
1456211056.999970,42.408220,-71.125105,32.372799,10.000000,34.101562,0.000000,0.980000
1456211057.999970,42.408220,-71.125105,32.334377,10.000000,34.101562,0.000000,0.980000
1456211058.999970,42.408220,-71.125105,32.229702,10.000000,34.101562,0.000000,0.980000
1456211059.999970,42.408220,-71.125105,32.235378,10.000000,34.101562,0.000000,0.980000
1456211060.999970,42.408220,-71.125105,32.120724,10.000000,34.101562,0.000000,0.980000
1456211061.999970,42.408220,-71.125105,32.065090,10.000000,34.101562,0.000000,0.980000
1456211062.999970,42.408220,-71.125105,32.147823,10.000000,34.101562,0.000000,0.980000
1456211063.999971,42.408220,-71.125105,32.362301,10.000000,34.101562,0.000000,0.980000
1456211064.999969,42.408220,-71.125105,32.364162,10.000000,34.101562,0.000000,0.980000
1456211065.999969,42.408220,-71.125105,32.524990,10.000000,34.101562,0.000000,0.980000
1456211066.999970,42.408220,-71.125105,32.426815,10.000000,34.101562,0.000000,0.980000
1456211067.999970,42.408220,-71.125105,32.425991,10.000000,34.101562,0.000000,0.980000
1456211068.999970,42.408220,-71.125105,32.392941,10.000000,34.101562,0.000000,0.980000
1456211069.999970,42.408220,-71.125105,32.388393,10.000000,34.101562,0.000000,0.980000
1456211070.999970,42.408220,-71.125105,32.566830,10.000000,34.101562,0.000000,0.980000
1456211071.999969,42.408220,-71.125105,32.516964,10.000000,34.101562,0.000000,0.980000
1456211072.999971,42.408220,-71.125105,32.408047,10.000000,34.101562,0.000000,0.980000
1456211073.999970,42.408220,-71.125105,32.424801,10.000000,34.101562,0.000000,0.980000
1456211074.999969,42.408220,-71.125105,32.615017,10.000000,34.101562,0.000000,0.980000
1456211075.999970,42.408220,-71.125105,32.957394,10.000000,34.101562,0.000000,0.980000
1456211076.999970,42.408220,-71.125105,32.726376,10.000000,34.101562,0.000000,0.980000
1456211077.999970,42.408220,-71.125105,32.482540,10.000000,34.101562,0.000000,0.980000
1456211078.999970,42.408220,-71.125105,32.479702,10.000000,34.101562,0.000000,0.980000
1456211079.999970,42.408220,-71.125105,32.562130,10.000000,34.101562,0.000000,0.980000
1456211080.999970,42.408220,-71.125105,32.527767,10.000000,-1.000000,0.000000,0.980000
1456211081.999970,42.408220,-71.125105,32.877987,10.000000,-1.000000,0.000000,0.980000
1456211082.999970,42.408220,-71.125105,32.877987,10.000000,-1.000000,0.000000,0.980000
1456211083.999970,42.408220,-71.125105,32.825405,10.000000,-1.000000,0.000000,0.980000
1456211084.999970,42.408220,-71.125105,32.909145,10.000000,-1.000000,0.000000,0.980000
1456211085.999970,42.408220,-71.125105,32.828487,10.000000,-1.000000,0.000000,0.980000
1456211086.999970,42.408220,-71.125105,32.978420,10.000000,-1.000000,0.000000,0.980000
1456211087.999970,42.408220,-71.125105,32.326809,10.000000,-1.000000,0.000000,0.980000
1456211088.999970,42.408220,-71.125105,32.316738,10.000000,-1.000000,0.000000,0.980000
1456211089.999969,42.408220,-71.125105,32.519466,10.000000,-1.000000,0.000000,0.980000
1456211090.999969,42.408220,-71.125105,32.494961,10.000000,-1.000000,0.000000,0.980000
1456211091.999970,42.408220,-71.125105,32.438076,10.000000,-1.000000,0.000000,0.980000
1456211092.999970,42.408220,-71.125105,32.487545,10.000000,-1.000000,0.000000,0.980000
1456211093.999970,42.408220,-71.125105,32.327114,10.000000,-1.000000,0.000000,0.980000
1456211094.999969,42.408220,-71.125105,32.289730,10.000000,-1.000000,0.000000,0.980000
1456211095.999969,42.408220,-71.125105,32.427761,10.000000,-1.000000,0.000000,0.980000
1456211096.999970,42.408220,-71.125105,32.313290,10.000000,-1.000000,0.000000,0.980000
1456211097.999970,42.408220,-71.125105,32.508694,10.000000,-1.000000,0.000000,0.980000
1456211098.999970,42.408220,-71.125105,32.507320,10.000000,-1.000000,0.000000,0.980000
1456211099.999969,42.408220,-71.125105,32.627132,10.000000,-1.000000,0.000000,0.980000
1456211100.999970,42.408220,-71.125105,32.756863,10.000000,-1.000000,0.000000,0.980000
1456211101.999970,42.408220,-71.125105,32.876797,10.000000,-1.000000,0.000000,0.980000
1456211102.999970,42.408220,-71.125105,32.913937,10.000000,-1.000000,0.000000,0.980000
1456211103.999970,42.408220,-71.125105,32.872921,10.000000,-1.000000,0.000000,0.980000
1456211104.999969,42.408220,-71.125105,32.821133,10.000000,-1.000000,0.000000,0.980000
1456211105.999970,42.408220,-71.125105,32.851498,10.000000,-1.000000,0.000000,0.980000
1456211106.999970,42.408220,-71.125105,32.732693,10.000000,-1.000000,0.000000,0.980000
1456211107.999970,42.408220,-71.125105,32.754635,10.000000,-1.000000,0.000000,0.980000
1456211108.999969,42.408220,-71.125105,32.933468,10.000000,-1.000000,0.000000,0.980000
1456211109.999970,42.408220,-71.125105,33.053829,10.000000,-1.000000,0.000000,0.980000
1456211110.999970,42.408220,-71.125105,32.888393,10.000000,-1.000000,0.000000,0.980000
1456211111.999969,42.408220,-71.125105,33.073360,10.000000,-1.000000,0.000000,0.980000
1456211112.999969,42.408220,-71.125105,33.117886,10.000000,-1.000000,0.000000,0.980000
1456211113.999969,42.408220,-71.125105,33.140804,10.000000,-1.000000,0.000000,0.980000
1456211114.999970,42.408220,-71.125105,33.081478,10.000000,-1.000000,0.000000,0.980000
1456211115.999970,42.408220,-71.125105,32.914974,10.000000,-1.000000,0.000000,0.980000
1456211116.999969,42.408220,-71.125105,32.909084,10.000000,-1.000000,0.000000,0.980000
1456211117.999970,42.408220,-71.125105,32.595638,10.000000,-1.000000,0.000000,0.980000
1456211118.999970,42.408220,-71.125105,32.691860,10.000000,-1.000000,0.000000,0.980000
1456211119.999970,42.408220,-71.125105,32.705929,10.000000,-1.000000,0.000000,0.980000
1456211120.999969,42.408220,-71.125105,32.647701,10.000000,-1.000000,0.000000,0.980000
1456211121.999969,42.408220,-71.125105,32.420406,10.000000,-1.000000,0.000000,0.980000
1456211122.999969,42.408220,-71.125105,32.398434,10.000000,-1.000000,0.000000,0.980000
1456211123.999970,42.408220,-71.125105,32.428249,10.000000,-1.000000,0.000000,0.980000
1456211124.999969,42.408220,-71.125105,32.407711,10.000000,-1.000000,0.000000,0.980000
1456211125.999970,42.408220,-71.125105,32.479244,10.000000,-1.000000,0.000000,0.980000
1456211126.999970,42.408220,-71.125105,32.616177,10.000000,-1.000000,0.000000,0.980000
1456211127.999970,42.408220,-71.125105,32.528988,10.000000,-1.000000,0.000000,0.980000
1456211128.999970,42.408220,-71.125105,32.524227,10.000000,-1.000000,0.000000,0.980000
1456211129.999969,42.408220,-71.125105,32.706722,10.000000,-1.000000,0.000000,0.980000
1456211130.999970,42.408220,-71.125105,32.789577,10.000000,-1.000000,0.000000,0.980000
1456211131.999970,42.408220,-71.125105,32.682308,10.000000,-1.000000,0.000000,0.980000
1456211133.000023,42.408220,-71.125105,32.766323,10.000000,-1.000000,0.000000,0.980000
1456211133.999970,42.408220,-71.125105,32.797085,10.000000,-1.000000,0.000000,0.980000
1456211134.999969,42.408220,-71.125105,33.103085,10.000000,-1.000000,0.000000,0.980000
1456211135.999969,42.408220,-71.125105,33.398708,10.000000,-1.000000,0.000000,0.980000
1456211136.999969,42.408220,-71.125105,33.499508,10.000000,-1.000000,0.000000,0.980000
1456211137.999970,42.408220,-71.125105,33.404934,10.000000,-1.000000,0.000000,0.980000
1456211138.999970,42.408220,-71.125105,33.286556,10.000000,-1.000000,0.000000,0.980000
1456211139.999970,42.408220,-71.125105,33.080349,10.000000,-1.000000,0.000000,0.980000
1456211140.999970,42.408220,-71.125105,32.889339,10.000000,-1.000000,0.000000,0.980000
1456211141.999970,42.408220,-71.125105,33.115566,10.000000,-1.000000,0.000000,0.980000
1456211142.999969,42.408220,-71.125105,33.199398,10.000000,-1.000000,0.000000,0.980000
1456211143.999969,42.408220,-71.125105,33.177517,10.000000,-1.000000,0.000000,0.980000
1456211144.999970,42.408220,-71.125105,33.437130,10.000000,-1.000000,0.000000,0.980000
1456211145.999970,42.408220,-71.125105,33.669277,10.000000,-1.000000,0.000000,0.980000
1456211146.999970,42.408220,-71.125105,33.654446,10.000000,-1.000000,0.000000,0.980000
1456211147.999971,42.408220,-71.125105,34.026119,10.000000,-1.000000,0.000000,0.980000
1456211148.999970,42.408220,-71.125105,33.906246,10.000000,-1.000000,0.000000,0.980000
1456211149.999969,42.408220,-71.125105,33.421535,10.000000,-1.000000,0.000000,0.980000
1456211150.999969,42.408220,-71.125105,33.384701,10.000000,-1.000000,0.000000,0.980000
1456211151.999969,42.408220,-71.125105,33.359524,10.000000,-1.000000,0.000000,0.980000
1456211152.999971,42.408220,-71.125105,33.336544,10.000000,-1.000000,0.000000,0.980000
1456211153.999970,42.408220,-71.125105,33.551815,10.000000,-1.000000,0.000000,0.980000
1456211154.999969,42.408220,-71.125105,33.586758,10.000000,-1.000000,0.000000,0.980000
1456211155.999969,42.408220,-71.125105,33.787899,10.000000,-1.000000,0.000000,0.980000
1456211156.999969,42.408220,-71.125105,33.166286,10.000000,-1.000000,0.000000,0.980000
1456211157.999969,42.408220,-71.125105,33.152309,10.000000,-1.000000,0.000000,0.980000
1456211158.999970,42.408220,-71.125105,33.337154,10.000000,-1.000000,0.000000,0.980000
1456211159.999969,42.408220,-71.125105,33.343990,10.000000,-1.000000,0.000000,0.980000
1456211160.999970,42.408220,-71.125105,33.618679,10.000000,-1.000000,0.000000,0.980000
1456211161.999971,42.408220,-71.125105,33.333126,10.000000,-1.000000,0.000000,0.980000
1456211162.999970,42.408220,-71.125105,33.390835,10.000000,-1.000000,0.000000,0.980000
1456211163.999969,42.408220,-71.125105,33.389553,10.000000,-1.000000,0.000000,0.980000
1456211164.999969,42.408220,-71.125105,33.086819,10.000000,-1.000000,0.000000,0.980000
1456211165.999970,42.408220,-71.125105,32.873135,10.000000,-1.000000,0.000000,0.980000
1456211166.999970,42.408220,-71.125105,32.895687,10.000000,-1.000000,0.000000,0.980000
1456211167.999970,42.408220,-71.125105,32.917934,10.000000,-1.000000,0.000000,0.980000
1456211168.999970,42.408220,-71.125105,32.820583,10.000000,-1.000000,0.000000,0.980000
1456211169.999969,42.408220,-71.125105,32.738674,10.000000,-1.000000,0.000000,0.980000
1456211170.999970,42.408220,-71.125105,32.830410,10.000000,-1.000000,0.000000,0.980000
1456211171.999969,42.408220,-71.125105,33.024654,10.000000,-1.000000,0.000000,0.980000
1456211172.999969,42.408220,-71.125105,33.188229,10.000000,-1.000000,0.000000,0.980000
1456211173.999969,42.408220,-71.125105,33.323483,10.000000,-1.000000,0.000000,0.980000
1456211174.999970,42.408220,-71.125105,33.569912,10.000000,-1.000000,0.000000,0.980000
1456211175.999970,42.408220,-71.125105,33.760464,10.000000,-1.000000,0.000000,0.980000
1456211176.999970,42.408220,-71.125105,33.751400,10.000000,-1.000000,0.000000,0.980000
1456211177.999969,42.408220,-71.125105,33.871670,10.000000,-1.000000,0.000000,0.980000
1456211178.999970,42.408220,-71.125105,33.793026,10.000000,-1.000000,0.000000,0.980000
1456211179.999969,42.408220,-71.125105,33.388363,10.000000,-1.000000,0.000000,0.980000
1456211180.999969,42.408220,-71.125105,33.151119,10.000000,-1.000000,0.000000,0.980000
1456211181.999969,42.408220,-71.125105,33.202114,10.000000,-1.000000,0.000000,0.980000
1456211182.999969,42.408220,-71.125105,32.880154,10.000000,-1.000000,0.000000,0.980000
1456211183.999969,42.408220,-71.125105,32.883724,10.000000,-1.000000,0.000000,0.980000
1456211184.999969,42.408220,-71.125105,32.768612,10.000000,-1.000000,0.000000,0.980000
1456211185.999969,42.408220,-71.125105,32.490932,10.000000,-1.000000,0.000000,0.980000
1456211186.999971,42.408220,-71.125105,32.268703,10.000000,-1.000000,0.000000,0.980000
1456211187.999969,42.408220,-71.125105,32.284603,10.000000,-1.000000,0.000000,0.980000
1456211188.999970,42.408220,-71.125105,32.150204,10.000000,-1.000000,0.000000,0.980000
1456211189.999970,42.408220,-71.125105,32.137630,10.000000,-1.000000,0.000000,0.980000
1456211190.999970,42.408220,-71.125105,32.249905,10.000000,-1.000000,0.000000,0.980000
1456211191.999970,42.408220,-71.125105,32.249874,10.000000,-1.000000,0.000000,0.980000
1456211192.999969,42.408220,-71.125105,32.239223,10.000000,-1.000000,0.000000,0.980000
1456211193.999970,42.408220,-71.125105,32.782192,10.000000,-1.000000,0.000000,0.980000
1456211194.999970,42.408220,-71.125105,32.789486,10.000000,-1.000000,0.000000,0.980000
1456211195.999969,42.408220,-71.125105,32.513454,10.000000,-1.000000,0.000000,0.980000
1456211196.999970,42.408220,-71.125105,32.463955,10.000000,-1.000000,0.000000,0.980000
1456211197.999971,42.408220,-71.125105,32.425686,10.000000,-1.000000,0.000000,0.980000
1456211198.999970,42.408220,-71.125105,32.424770,10.000000,-1.000000,0.000000,0.980000
1456211199.999970,42.408220,-71.125105,32.250546,10.000000,-1.000000,0.000000,0.980000
1456211200.999971,42.408220,-71.125105,32.244808,10.000000,-1.000000,0.000000,0.980000
1456211201.999970,42.408220,-71.125105,32.100979,10.000000,-1.000000,0.000000,0.980000
1456211202.999970,42.408220,-71.125105,32.078548,10.000000,-1.000000,0.000000,0.980000
1456211203.999969,42.408220,-71.125105,32.305111,10.000000,-1.000000,0.000000,0.980000
1456211204.999970,42.408220,-71.125105,32.611965,10.000000,-1.000000,0.000000,0.980000
1456211205.999970,42.408220,-71.125105,32.617092,10.000000,-1.000000,0.000000,0.980000
1456211206.999970,42.408220,-71.125105,32.558285,10.000000,-1.000000,0.000000,0.980000
1456211207.999970,42.408220,-71.125105,32.534328,10.000000,-1.000000,0.000000,0.980000
1456211208.999969,42.408220,-71.125105,32.422237,10.000000,-1.000000,0.000000,0.980000
1456211209.999970,42.408220,-71.125105,32.176907,10.000000,-1.000000,0.000000,0.980000
1456211210.999970,42.408220,-71.125105,32.370052,10.000000,-1.000000,0.000000,0.980000
1456211211.999970,42.408220,-71.125105,32.366634,10.000000,-1.000000,0.000000,0.980000
1456211212.999971,42.408220,-71.125105,32.039913,10.000000,-1.000000,0.000000,0.980000
1456211213.999970,42.408220,-71.125105,32.032742,10.000000,-1.000000,0.000000,0.980000
1456211214.999969,42.408220,-71.125105,32.408169,10.000000,-1.000000,0.000000,0.980000
1456211215.999970,42.408220,-71.125105,32.393093,10.000000,-1.000000,0.000000,0.980000
1456211216.999970,42.408220,-71.125105,32.159054,10.000000,-1.000000,0.000000,0.980000
1456211217.999970,42.408220,-71.125105,32.052761,10.000000,-1.000000,0.000000,0.980000
1456211218.999970,42.408220,-71.125105,31.840725,10.000000,-1.000000,0.000000,0.980000
1456211219.999970,42.408220,-71.125105,31.937710,10.000000,-1.000000,0.000000,0.980000
1456211220.999970,42.408220,-71.125105,31.938931,10.000000,-1.000000,0.000000,0.980000
1456211221.999969,42.408220,-71.125105,32.034054,10.000000,-1.000000,0.000000,0.980000
1456211222.999970,42.408220,-71.125105,31.966518,10.000000,-1.000000,0.000000,0.980000
1456211223.999971,42.408220,-71.125105,31.999203,10.000000,-1.000000,0.000000,0.980000
1456211224.999971,42.408220,-71.125105,32.106228,10.000000,-1.000000,0.000000,0.980000
1456211225.999971,42.408220,-71.125105,32.113613,10.000000,-1.000000,0.000000,0.980000
1456211226.999969,42.408220,-71.125105,32.314480,10.000000,-1.000000,0.000000,0.980000
1456211227.999969,42.408220,-71.125105,32.415188,10.000000,-1.000000,0.000000,0.980000
1456211228.999970,42.408220,-71.125105,32.420589,10.000000,-1.000000,0.000000,0.980000
1456211229.999969,42.408220,-71.125105,32.415768,10.000000,-1.000000,0.000000,0.980000
1456211230.999970,42.408220,-71.125105,32.397854,10.000000,-1.000000,0.000000,0.980000
1456211231.999970,42.408220,-71.125105,32.366085,10.000000,-1.000000,0.000000,0.980000
1456211232.999970,42.408220,-71.125105,32.466183,10.000000,-1.000000,0.000000,0.980000
1456211233.999970,42.408220,-71.125105,32.662441,10.000000,-1.000000,0.000000,0.980000
1456211234.999970,42.408220,-71.125105,32.662472,10.000000,-1.000000,0.000000,0.980000
1456211235.999969,42.408220,-71.125105,32.800137,10.000000,-1.000000,0.000000,0.980000
1456211236.999970,42.408220,-71.125105,32.634823,10.000000,-1.000000,0.000000,0.980000
1456211237.999970,42.408220,-71.125105,32.636990,10.000000,-1.000000,0.000000,0.980000
1456211238.999971,42.408220,-71.125105,32.579891,10.000000,-1.000000,0.000000,0.980000
1456211239.999969,42.408220,-71.125105,32.426144,10.000000,-1.000000,0.000000,0.980000
1456211240.999970,42.408220,-71.125105,32.397732,10.000000,-1.000000,0.000000,0.980000
1456211241.999970,42.408220,-71.125105,32.439053,10.000000,-1.000000,0.000000,0.980000
1456211242.999970,42.408220,-71.125105,32.364040,10.000000,-1.000000,0.000000,0.980000
1456211243.999970,42.408220,-71.125105,32.513027,10.000000,-1.000000,0.000000,0.980000
1456211244.999969,42.408220,-71.125105,32.600063,10.000000,-1.000000,0.000000,0.980000
1456211245.999970,42.408220,-71.125105,32.584621,10.000000,-1.000000,0.000000,0.980000
1456211246.999969,42.408220,-71.125105,32.725338,10.000000,-1.000000,0.000000,0.980000
1456211247.999970,42.408220,-71.125105,32.946865,10.000000,-1.000000,0.000000,0.980000
1456211248.999970,42.408220,-71.125105,32.838711,10.000000,-1.000000,0.000000,0.980000
1456211249.999969,42.408220,-71.125105,32.936306,10.000000,-1.000000,0.000000,0.980000
1456211250.999970,42.408220,-71.125105,32.590755,10.000000,-1.000000,0.000000,0.980000
1456211251.999970,42.408220,-71.125105,32.478817,10.000000,-1.000000,0.000000,0.980000
1456211252.999969,42.408220,-71.125105,32.674465,10.000000,-1.000000,0.000000,0.980000
1456211253.999970,42.408220,-71.125105,32.743771,10.000000,-1.000000,0.000000,0.980000
1456211254.999969,42.408220,-71.125105,32.894772,10.000000,-1.000000,0.000000,0.980000
1456211255.999970,42.408220,-71.125105,32.781796,10.000000,-1.000000,0.000000,0.980000
1456211256.999970,42.408220,-71.125105,32.543575,10.000000,-1.000000,0.000000,0.980000
1456211257.999971,42.408220,-71.125105,32.623409,10.000000,-1.000000,0.000000,0.980000
1456211258.999971,42.408220,-71.125105,32.784939,10.000000,-1.000000,0.000000,0.980000
1456211259.999970,42.408220,-71.125105,32.991451,10.000000,-1.000000,0.000000,0.980000
1456211260.999970,42.408220,-71.125105,32.872677,10.000000,-1.000000,0.000000,0.980000
1456211261.999970,42.408220,-71.125105,32.896420,10.000000,-1.000000,0.000000,0.980000
1456211262.999970,42.408220,-71.125105,33.028652,10.000000,-1.000000,0.000000,0.980000
1456211263.999969,42.408220,-71.125105,33.094265,10.000000,-1.000000,0.000000,0.980000
1456211264.999969,42.408220,-71.125105,32.936611,10.000000,-1.000000,0.000000,0.980000
1456211265.999970,42.408220,-71.125105,32.689877,10.000000,-1.000000,0.000000,0.980000
1456211266.999970,42.408220,-71.125105,32.736599,10.000000,-1.000000,0.000000,0.980000
1456211267.999969,42.408220,-71.125105,32.933926,10.000000,-1.000000,0.000000,0.980000
1456211269.009550,42.408220,-71.125105,33.009335,10.000000,-1.000000,0.000000,0.980000
1456211270.005575,42.408220,-71.125105,32.947872,10.000000,-1.000000,0.000000,0.980000
1456211271.001559,42.408220,-71.125105,33.015499,10.000000,-1.000000,0.000000,0.980000
1456211272.000085,42.408220,-71.125105,32.946041,10.000000,-1.000000,0.000000,0.980000
1456211273.000079,42.408220,-71.125105,32.815701,10.000000,-1.000000,0.000000,0.980000
1456211273.999976,42.408220,-71.125105,33.005154,10.000000,-1.000000,0.000000,0.980000
1456211274.999965,42.408220,-71.125105,33.310421,10.000000,-1.000000,0.000000,0.980000
1456211275.999989,42.408220,-71.125105,33.353634,10.000000,-1.000000,0.000000,0.980000
1456211277.000056,42.408220,-71.125105,33.476955,10.000000,-1.000000,0.000000,0.980000
1456211278.000120,42.408220,-71.125105,33.731838,10.000000,-1.000000,0.000000,0.980000
1456211279.000061,42.408220,-71.125105,34.214230,10.000000,-1.000000,0.000000,0.980000
1456211280.000062,42.408220,-71.125105,34.406765,10.000000,-1.000000,0.000000,0.980000
1456211281.000062,42.408220,-71.125105,34.594387,10.000000,-1.000000,0.000000,0.980000
1456211282.000062,42.408220,-71.125105,34.536068,10.000000,-1.000000,0.000000,0.980000
1456211283.000062,42.408220,-71.125105,34.683346,10.000000,-1.000000,0.000000,0.980000
1456211284.000062,42.408220,-71.125105,34.409389,10.000000,-1.000000,0.000000,0.980000
1456211285.000062,42.408220,-71.125105,34.367916,10.000000,-1.000000,0.000000,0.980000
1456211286.000062,42.408220,-71.125105,34.388363,10.000000,-1.000000,0.000000,0.980000
1456211287.000062,42.408220,-71.125105,34.387142,10.000000,-1.000000,0.000000,0.980000
1456211288.000062,42.408220,-71.125105,34.271633,10.000000,-1.000000,0.000000,0.980000
1456211289.000062,42.408220,-71.125105,34.216366,10.000000,-1.000000,0.000000,0.980000
1456211290.000062,42.408220,-71.125105,33.954433,10.000000,-1.000000,0.000000,0.980000
1456211291.000062,42.408220,-71.125105,33.967403,10.000000,-1.000000,0.000000,0.980000
1456211292.000061,42.408220,-71.125105,33.994503,10.000000,-1.000000,0.000000,0.980000
1456211293.000061,42.408220,-71.125105,34.002865,10.000000,-1.000000,0.000000,0.980000
1456211294.000061,42.408220,-71.125105,34.024654,10.000000,-1.000000,0.000000,0.980000
1456211295.000062,42.408220,-71.125105,34.077023,10.000000,-1.000000,0.000000,0.980000
1456211296.000062,42.408220,-71.125105,34.011288,10.000000,-1.000000,0.000000,0.980000
1456211297.000062,42.408220,-71.125105,33.624264,10.000000,-1.000000,0.000000,0.980000
1456211298.000062,42.408220,-71.125105,33.813503,10.000000,-1.000000,0.000000,0.980000
1456211299.000062,42.408220,-71.125105,33.983730,10.000000,-1.000000,0.000000,0.980000
1456211300.000062,42.408220,-71.125105,33.843105,10.000000,-1.000000,0.000000,0.980000
1456211301.000062,42.408220,-71.125105,33.884884,10.000000,-1.000000,0.000000,0.980000
1456211302.000061,42.408220,-71.125105,33.570889,10.000000,-1.000000,0.000000,0.980000
1456211303.000062,42.408220,-71.125105,33.495358,10.000000,-1.000000,0.000000,0.980000
1456211304.000061,42.408220,-71.125105,33.614193,10.000000,-1.000000,0.000000,0.980000
1456211305.000062,42.408220,-71.125105,33.568203,10.000000,-1.000000,0.000000,0.980000
1456211306.000062,42.408220,-71.125105,33.799160,10.000000,-1.000000,0.000000,0.980000
1456211307.000062,42.408220,-71.125105,33.863583,10.000000,-1.000000,0.000000,0.980000
1456211308.000062,42.408220,-71.125105,34.240200,10.000000,-1.000000,0.000000,0.980000
1456211309.000062,42.408220,-71.125105,34.807308,10.000000,-1.000000,0.000000,0.980000
1456211310.000062,42.408220,-71.125105,34.909420,10.000000,-1.000000,0.000000,0.980000
1456211311.000062,42.408220,-71.125105,34.961330,10.000000,-1.000000,0.000000,0.980000
1456211312.000062,42.408220,-71.125105,35.118923,10.000000,-1.000000,0.000000,0.980000
1456211313.000062,42.408220,-71.125105,34.947262,10.000000,-1.000000,0.000000,0.980000
1456211314.000061,42.408220,-71.125105,35.019039,10.000000,-1.000000,0.000000,0.980000
1456211315.000062,42.408220,-71.125105,34.618587,10.000000,-1.000000,0.000000,0.980000
1456211316.000062,42.408220,-71.125105,34.794521,10.000000,-1.000000,0.000000,0.980000
1456211317.000062,42.408220,-71.125105,34.372036,10.000000,-1.000000,0.000000,0.980000
1456211318.000061,42.408220,-71.125105,34.397366,10.000000,-1.000000,0.000000,0.980000
1456211319.000061,42.408220,-71.125105,34.249935,10.000000,-1.000000,0.000000,0.980000
1456211320.000062,42.408220,-71.125105,33.898708,10.000000,-1.000000,0.000000,0.980000
1456211321.000061,42.408220,-71.125105,33.850124,10.000000,-1.000000,0.000000,0.980000
1456211322.000062,42.408220,-71.125105,33.776577,10.000000,-1.000000,0.000000,0.980000
1456211323.000062,42.408220,-71.125105,33.752041,10.000000,-1.000000,0.000000,0.980000
1456211324.000062,42.408220,-71.125105,33.967220,10.000000,-1.000000,0.000000,0.980000
1456211325.000061,42.408220,-71.125105,34.104580,10.000000,-1.000000,0.000000,0.980000
1456211326.000062,42.408220,-71.125105,33.725552,10.000000,-1.000000,0.000000,0.980000
1456211327.000062,42.408220,-71.125105,34.000179,10.000000,-1.000000,0.000000,0.980000
1456211328.000062,42.408220,-71.125105,33.673885,10.000000,-1.000000,0.000000,0.980000
1456211329.000062,42.408220,-71.125105,33.895962,10.000000,-1.000000,0.000000,0.980000
1456211330.000062,42.408220,-71.125105,34.088223,10.000000,-1.000000,0.000000,0.980000
1456211331.000062,42.408220,-71.125105,33.839230,10.000000,-1.000000,0.000000,0.980000
1456211332.000062,42.408220,-71.125105,33.649502,10.000000,-1.000000,0.000000,0.980000
1456211333.000062,42.408220,-71.125105,33.687923,10.000000,-1.000000,0.000000,0.980000
1456211334.000062,42.408220,-71.125105,33.605343,10.000000,-1.000000,0.000000,0.980000
1456211335.000062,42.408220,-71.125105,33.380733,10.000000,-1.000000,0.000000,0.980000
1456211336.000062,42.408220,-71.125105,33.337765,10.000000,-1.000000,0.000000,0.980000
1456211337.000061,42.408220,-71.125105,33.389156,10.000000,-1.000000,0.000000,0.980000
1456211338.000062,42.408220,-71.125105,33.322292,10.000000,-1.000000,0.000000,0.980000
1456211339.000062,42.408220,-71.125105,33.409603,10.000000,-1.000000,0.000000,0.980000
1456211340.000062,42.408220,-71.125105,33.564144,10.000000,-1.000000,0.000000,0.980000
1456211341.000062,42.408220,-71.125105,33.880489,10.000000,-1.000000,0.000000,0.980000
1456211342.000061,42.408220,-71.125105,34.320766,10.000000,-1.000000,0.000000,0.980000
1456211343.000062,42.408220,-71.125105,34.312710,10.000000,-1.000000,0.000000,0.980000
1456211344.000062,42.408220,-71.125105,34.288601,10.000000,-1.000000,0.000000,0.980000
1456211345.000061,42.408220,-71.125105,34.235531,10.000000,-1.000000,0.000000,0.980000
1456211346.000062,42.408220,-71.125105,33.926479,10.000000,-1.000000,0.000000,0.980000
1456211347.000061,42.408220,-71.125105,33.722012,10.000000,-1.000000,0.000000,0.980000
1456211348.000062,42.408220,-71.125105,33.648617,10.000000,-1.000000,0.000000,0.980000
1456211349.000062,42.408220,-71.125105,33.969875,10.000000,-1.000000,0.000000,0.980000
1456211350.000061,42.408220,-71.125105,34.351070,10.000000,-1.000000,0.000000,0.980000
1456211351.000061,42.408220,-71.125105,34.597042,10.000000,-1.000000,0.000000,0.980000
1456211352.000062,42.408220,-71.125105,34.774807,10.000000,-1.000000,0.000000,0.980000
1456211353.000062,42.408220,-71.125105,34.524899,10.000000,-1.000000,0.000000,0.980000
1456211354.000061,42.408220,-71.125105,34.423702,10.000000,-1.000000,0.000000,0.980000
1456211355.000062,42.408220,-71.125105,34.479763,10.000000,-1.000000,0.000000,0.980000
1456211356.000062,42.408220,-71.125105,34.319393,10.000000,-1.000000,0.000000,0.980000
1456211357.000062,42.408220,-71.125105,34.085171,10.000000,-1.000000,0.000000,0.980000
1456211358.000061,42.408220,-71.125105,33.912228,10.000000,-1.000000,0.000000,0.980000
1456211359.000062,42.408220,-71.125105,33.854977,10.000000,-1.000000,0.000000,0.980000
1456211360.000062,42.408220,-71.125105,33.923855,10.000000,-1.000000,0.000000,0.980000
1456211361.000062,42.408220,-71.125105,33.701015,10.000000,-1.000000,0.000000,0.980000
1456211362.000062,42.408220,-71.125105,33.919308,10.000000,-1.000000,0.000000,0.980000
1456211363.000061,42.408220,-71.125105,33.975887,10.000000,-1.000000,0.000000,0.980000
1456211364.000061,42.408220,-71.125105,33.762936,10.000000,-1.000000,0.000000,0.980000
1456211365.000062,42.408220,-71.125105,33.352962,10.000000,-1.000000,0.000000,0.980000
1456211366.000062,42.408220,-71.125105,33.285213,10.000000,-1.000000,0.000000,0.980000
1456211367.000062,42.408220,-71.125105,32.957027,10.000000,-1.000000,0.000000,0.980000
1456211368.000062,42.408220,-71.125105,32.822506,10.000000,-1.000000,0.000000,0.980000
1456211369.000062,42.408220,-71.125105,32.779079,10.000000,-1.000000,0.000000,0.980000
1456211370.000062,42.408220,-71.125105,32.762997,10.000000,-1.000000,0.000000,0.980000
1456211371.000062,42.408220,-71.125105,32.843288,10.000000,-1.000000,0.000000,0.980000
1456211372.000063,42.408220,-71.125105,32.951504,10.000000,-1.000000,0.000000,0.980000
1456211373.000062,42.408220,-71.125105,33.008938,10.000000,-1.000000,0.000000,0.980000
1456211374.000062,42.408220,-71.125105,33.072720,10.000000,-1.000000,0.000000,0.980000
1456211375.000061,42.408220,-71.125105,33.243587,10.000000,-1.000000,0.000000,0.980000
1456211376.000062,42.408220,-71.125105,33.385036,10.000000,-1.000000,0.000000,0.980000
1456211377.000062,42.408220,-71.125105,33.867367,10.000000,-1.000000,0.000000,0.980000
1456211378.000062,42.408220,-71.125105,33.929317,10.000000,-1.000000,0.000000,0.980000
1456211379.000062,42.408220,-71.125105,34.034145,10.000000,-1.000000,0.000000,0.980000
1456211380.000062,42.408220,-71.125105,33.824917,10.000000,-1.000000,0.000000,0.980000
1456211381.000062,42.408220,-71.125105,33.737667,10.000000,-1.000000,0.000000,0.980000
1456211382.000061,42.408220,-71.125105,33.729244,10.000000,-1.000000,0.000000,0.980000
1456211383.000062,42.408220,-71.125105,33.606014,10.000000,-1.000000,0.000000,0.980000
1456211384.000062,42.408220,-71.125105,33.573544,10.000000,-1.000000,0.000000,0.980000
1456211385.000061,42.408220,-71.125105,33.656124,10.000000,-1.000000,0.000000,0.980000
1456211386.000062,42.408220,-71.125105,33.435268,10.000000,-1.000000,0.000000,0.980000
1456211387.000062,42.408220,-71.125105,33.730312,10.000000,-1.000000,0.000000,0.980000
1456211388.000062,42.408220,-71.125105,33.598415,10.000000,-1.000000,0.000000,0.980000
1456211389.000062,42.408220,-71.125105,33.734982,10.000000,-1.000000,0.000000,0.980000
1456211390.000062,42.408220,-71.125105,33.843258,10.000000,-1.000000,0.000000,0.980000
1456211391.000061,42.408220,-71.125105,33.952633,10.000000,-1.000000,0.000000,0.980000
1456211392.000061,42.408220,-71.125105,34.141628,10.000000,-1.000000,0.000000,0.980000
1456211393.000063,42.408220,-71.125105,34.188107,10.000000,-1.000000,0.000000,0.980000
1456211394.000062,42.408220,-71.125105,34.559444,10.000000,-1.000000,0.000000,0.980000
1456211395.000062,42.408220,-71.125105,34.647823,10.000000,-1.000000,0.000000,0.980000
1456211396.000062,42.408220,-71.125105,34.744198,10.000000,-1.000000,0.000000,0.980000
1456211397.000062,42.408220,-71.125105,34.646084,10.000000,-1.000000,0.000000,0.980000
1456211398.000061,42.408220,-71.125105,35.262234,10.000000,-1.000000,0.000000,0.980000
1456211399.000324,42.408220,-71.125105,35.112026,10.000000,-1.000000,0.000000,0.980000
1456211400.000062,42.408220,-71.125105,35.208706,10.000000,-1.000000,0.000000,0.980000
1456211401.000061,42.408220,-71.125105,35.495144,10.000000,-1.000000,0.000000,0.980000
1456211402.000062,42.408220,-71.125105,35.679348,10.000000,-1.000000,0.000000,0.980000
1456211403.000062,42.408220,-71.125105,35.473385,10.000000,-1.000000,0.000000,0.980000
1456211404.000061,42.408220,-71.125105,35.327755,10.000000,-1.000000,0.000000,0.980000
1456211405.000062,42.408220,-71.125105,35.426205,10.000000,-1.000000,0.000000,0.980000
1456211406.000062,42.408220,-71.125105,35.526302,10.000000,-1.000000,0.000000,0.980000
1456211407.000062,42.408220,-71.125105,35.116482,10.000000,-1.000000,0.000000,0.980000
1456211408.000062,42.408220,-71.125105,35.427120,10.000000,-1.000000,0.000000,0.980000
1456211409.000062,42.408220,-71.125105,35.669582,10.000000,-1.000000,0.000000,0.980000
1456211410.000062,42.408220,-71.125105,35.595638,10.000000,-1.000000,0.000000,0.980000
1456211411.000061,42.408220,-71.125105,35.697842,10.000000,-1.000000,0.000000,0.980000
1456211412.000062,42.408220,-71.125105,35.453060,10.000000,-1.000000,0.000000,0.980000
1456211413.000062,42.408220,-71.125105,35.900234,10.000000,-1.000000,0.000000,0.980000
1456211414.000062,42.408220,-71.125105,35.762600,10.000000,-1.000000,0.000000,0.980000
1456211415.000062,42.408220,-71.125105,35.784206,10.000000,-1.000000,0.000000,0.980000
1456211416.000062,42.408220,-71.125105,35.504086,10.000000,-1.000000,0.000000,0.980000
1456211417.000062,42.408220,-71.125105,35.350704,10.000000,-1.000000,0.000000,0.980000
1456211418.000063,42.408220,-71.125105,34.625546,10.000000,-1.000000,0.000000,0.980000
1456211419.000062,42.408220,-71.125105,34.119900,10.000000,-1.000000,0.000000,0.980000
1456211420.000062,42.408220,-71.125105,34.563412,10.000000,-1.000000,0.000000,0.980000
1456211421.000062,42.408220,-71.125105,34.618526,10.000000,-1.000000,0.000000,0.980000
1456211422.000062,42.408220,-71.125105,34.918056,10.000000,-1.000000,0.000000,0.980000
1456211423.000062,42.408220,-71.125105,34.289242,10.000000,-1.000000,0.000000,0.980000
1456211424.000061,42.408220,-71.125105,34.403225,10.000000,-1.000000,0.000000,0.980000
1456211425.000062,42.408220,-71.125105,33.997890,10.000000,-1.000000,0.000000,0.980000
1456211426.000062,42.408220,-71.125105,33.987789,10.000000,-1.000000,0.000000,0.980000
1456211427.000061,42.408220,-71.125105,33.227291,10.000000,-1.000000,0.000000,0.980000
1456211428.000062,42.408220,-71.125105,33.400326,10.000000,-1.000000,0.000000,0.980000
1456211429.000062,42.408220,-71.125105,33.414608,10.000000,-1.000000,0.000000,0.980000
1456211430.000062,42.408220,-71.125105,33.324886,10.000000,-1.000000,0.000000,0.980000
1456211431.000061,42.408220,-71.125105,33.318630,10.000000,-1.000000,0.000000,0.980000
1456211432.000061,42.408220,-71.125105,33.053463,10.000000,-1.000000,0.000000,0.980000
1456211433.000062,42.408220,-71.125105,33.060421,10.000000,-1.000000,0.000000,0.980000
1456211434.000062,42.408220,-71.125105,33.153255,10.000000,-1.000000,0.000000,0.980000
1456211435.000062,42.408220,-71.125105,33.170834,10.000000,-1.000000,0.000000,0.980000
1456211436.000061,42.408220,-71.125105,33.174526,10.000000,-1.000000,0.000000,0.980000
1456211437.000061,42.408220,-71.125105,32.995876,10.000000,-1.000000,0.000000,0.980000
1456211438.000061,42.408220,-71.125105,33.086391,10.000000,-1.000000,0.000000,0.980000
1456211439.000062,42.408220,-71.125105,32.920071,10.000000,-1.000000,0.000000,0.980000
1456211440.000062,42.408220,-71.125105,32.950069,10.000000,-1.000000,0.000000,0.980000
1456211441.000062,42.408220,-71.125105,33.264278,10.000000,-1.000000,0.000000,0.980000
1456211442.000062,42.408220,-71.125105,33.005917,10.000000,-1.000000,0.000000,0.980000
1456211443.000063,42.408220,-71.125105,32.591152,10.000000,-1.000000,0.000000,0.980000
1456211444.000062,42.408220,-71.125105,32.726589,10.000000,-1.000000,0.000000,0.980000
1456211445.000061,42.408220,-71.125105,32.789516,10.000000,-1.000000,0.000000,0.980000
1456211446.000062,42.408220,-71.125105,32.625210,10.000000,-1.000000,0.000000,0.980000
1456211447.000061,42.408220,-71.125105,32.398281,10.000000,-1.000000,0.000000,0.980000
1456211448.000062,42.408220,-71.125105,32.472103,10.000000,-1.000000,0.000000,0.980000
1456211449.000062,42.408220,-71.125105,32.361629,10.000000,-1.000000,0.000000,0.980000
1456211450.000062,42.408220,-71.125105,32.322567,10.000000,-1.000000,0.000000,0.980000
1456211451.000061,42.408220,-71.125105,32.321072,10.000000,-1.000000,0.000000,0.980000
1456211452.000062,42.408220,-71.125105,32.471737,10.000000,-1.000000,0.000000,0.980000
1456211453.000061,42.408220,-71.125105,32.479946,10.000000,-1.000000,0.000000,0.980000
1456211454.000062,42.408220,-71.125105,32.459530,10.000000,-1.000000,0.000000,0.980000
1456211455.000062,42.408220,-71.125105,32.813625,10.000000,-1.000000,0.000000,0.980000
1456211456.000061,42.408220,-71.125105,32.956875,10.000000,-1.000000,0.000000,0.980000
1456211457.000061,42.408220,-71.125105,32.952114,10.000000,-1.000000,0.000000,0.980000
1456211458.000062,42.408220,-71.125105,33.261623,10.000000,-1.000000,0.000000,0.980000
1456211459.000062,42.408220,-71.125105,33.113125,10.000000,-1.000000,0.000000,0.980000
1456211460.000062,42.408220,-71.125105,32.979092,10.000000,-1.000000,0.000000,0.980000
1456211461.000061,42.408220,-71.125105,32.833462,10.000000,-1.000000,0.000000,0.980000
1456211462.000062,42.408220,-71.125105,32.694881,10.000000,-1.000000,0.000000,0.980000
1456211463.000062,42.408220,-71.125105,32.667080,10.000000,-1.000000,0.000000,0.980000
1456211464.000062,42.408220,-71.125105,32.468960,10.000000,-1.000000,0.000000,0.980000
1456211465.000062,42.408220,-71.125105,32.250301,10.000000,-1.000000,0.000000,0.980000
1456211466.000061,42.408220,-71.125105,32.240932,10.000000,-1.000000,0.000000,0.980000
1456211467.000062,42.408220,-71.125105,32.188992,10.000000,-1.000000,0.000000,0.980000
1456211468.000062,42.408220,-71.125105,32.341915,10.000000,-1.000000,0.000000,0.980000
1456211469.000062,42.408220,-71.125105,32.560696,10.000000,-1.000000,0.000000,0.980000
1456211470.000062,42.408220,-71.125105,32.911831,10.000000,-1.000000,0.000000,0.980000
1456211471.000062,42.408220,-71.125105,32.965084,10.000000,-1.000000,0.000000,0.980000
1456211472.000061,42.408220,-71.125105,32.981777,10.000000,-1.000000,0.000000,0.980000
1456211473.000062,42.408220,-71.125105,32.928310,10.000000,-1.000000,0.000000,0.980000
1456211474.000062,42.408220,-71.125105,32.919369,10.000000,-1.000000,0.000000,0.980000
1456211475.000062,42.408220,-71.125105,32.811428,10.000000,-1.000000,0.000000,0.980000
1456211476.000062,42.408220,-71.125105,32.780025,10.000000,-1.000000,0.000000,0.980000
1456211477.000062,42.408220,-71.125105,32.887142,10.000000,-1.000000,0.000000,0.980000
1456211478.000062,42.408220,-71.125105,32.687679,10.000000,-1.000000,0.000000,0.980000
1456211479.000062,42.408220,-71.125105,32.705807,10.000000,-1.000000,0.000000,0.980000
1456211480.000062,42.408220,-71.125105,32.833858,10.000000,-1.000000,0.000000,0.980000
1456211481.000061,42.408220,-71.125105,33.057339,10.000000,-1.000000,0.000000,0.980000
1456211482.000061,42.408220,-71.125105,33.004757,10.000000,-1.000000,0.000000,0.980000
1456211483.000062,42.408220,-71.125105,32.949612,10.000000,-1.000000,0.000000,0.980000
1456211484.000062,42.408220,-71.125105,32.994686,10.000000,-1.000000,0.000000,0.980000
1456211485.000062,42.408220,-71.125105,33.163204,10.000000,-1.000000,0.000000,0.980000
1456211486.000061,42.408220,-71.125105,33.126919,10.000000,-1.000000,0.000000,0.980000
1456211487.000062,42.408220,-71.125105,33.056087,10.000000,-1.000000,0.000000,0.980000
1456211488.000061,42.408220,-71.125105,32.906704,10.000000,-1.000000,0.000000,0.980000
1456211489.000062,42.408220,-71.125105,33.170132,10.000000,-1.000000,0.000000,0.980000
1456211490.000062,42.408220,-71.125105,33.239681,10.000000,-1.000000,0.000000,0.980000
1456211491.000061,42.408220,-71.125105,33.306362,10.000000,-1.000000,0.000000,0.980000
1456211492.000062,42.408220,-71.125105,33.153530,10.000000,-1.000000,0.000000,0.980000
1456211493.000061,42.408220,-71.125105,33.078823,10.000000,-1.000000,0.000000,0.980000
1456211494.000062,42.408220,-71.125105,33.208584,10.000000,-1.000000,0.000000,0.980000
1456211495.000061,42.408220,-71.125105,33.268093,10.000000,-1.000000,0.000000,0.980000
1456211496.000062,42.408220,-71.125105,33.475338,10.000000,-1.000000,0.000000,0.980000
1456211497.000061,42.408220,-71.125105,33.372616,10.000000,-1.000000,0.000000,0.980000
1456211498.000062,42.408220,-71.125105,33.466457,10.000000,-1.000000,0.000000,0.980000
1456211499.000062,42.408220,-71.125105,33.212673,10.000000,-1.000000,0.000000,0.980000
1456211500.000062,42.408220,-71.125105,33.008755,10.000000,-1.000000,0.000000,0.980000
1456211501.000062,42.408220,-71.125105,33.049374,10.000000,-1.000000,0.000000,0.980000
1456211502.000062,42.408220,-71.125105,33.219173,10.000000,-1.000000,0.000000,0.980000
1456211503.000062,42.408220,-71.125105,33.378353,10.000000,-1.000000,0.000000,0.980000
1456211504.000063,42.408220,-71.125105,33.441097,10.000000,-1.000000,0.000000,0.980000
1456211505.000062,42.408220,-71.125105,33.617977,10.000000,-1.000000,0.000000,0.980000
1456211506.000062,42.408220,-71.125105,33.618130,10.000000,-1.000000,0.000000,0.980000
1456211507.000061,42.408220,-71.125105,33.641140,10.000000,-1.000000,0.000000,0.980000
1456211508.000062,42.408220,-71.125105,33.833218,10.000000,-1.000000,0.000000,0.980000
1456211509.000062,42.408220,-71.125105,33.861019,10.000000,-1.000000,0.000000,0.980000
1456211510.000061,42.408220,-71.125105,33.968197,10.000000,-1.000000,0.000000,0.980000
1456211511.000062,42.408220,-71.125105,34.040646,10.000000,-1.000000,0.000000,0.980000
1456211512.000062,42.408220,-71.125105,34.321712,10.000000,-1.000000,0.000000,0.980000
1456211513.000061,42.408220,-71.125105,34.174862,10.000000,-1.000000,0.000000,0.980000
1456211514.000062,42.408220,-71.125105,33.758022,10.000000,-1.000000,0.000000,0.980000
1456211515.000062,42.408220,-71.125105,33.539242,10.000000,-1.000000,0.000000,0.980000
1456211516.000062,42.408220,-71.125105,33.465481,10.000000,-1.000000,0.000000,0.980000
1456211517.000062,42.408220,-71.125105,33.338802,10.000000,-1.000000,0.000000,0.980000
1456211518.000061,42.408220,-71.125105,33.409969,10.000000,-1.000000,0.000000,0.980000
1456211519.000062,42.408220,-71.125105,33.666073,10.000000,-1.000000,0.000000,0.980000
1456211520.000062,42.408220,-71.125105,33.021877,10.000000,-1.000000,0.000000,0.980000
1456211521.000062,42.408220,-71.125105,33.035946,10.000000,-1.000000,0.000000,0.980000
1456211522.000062,42.408220,-71.125105,32.788357,10.000000,-1.000000,0.000000,0.980000
1456211523.000062,42.408220,-71.125105,32.844357,10.000000,-1.000000,0.000000,0.980000
1456211524.000062,42.408220,-71.125105,32.563137,10.000000,-1.000000,0.000000,0.980000
1456211525.000062,42.408220,-71.125105,32.638241,10.000000,-1.000000,0.000000,0.980000
1456211526.000062,42.408220,-71.125105,32.800930,10.000000,-1.000000,0.000000,0.980000
1456211527.000061,42.408220,-71.125105,32.992977,10.000000,-1.000000,0.000000,0.980000
1456211528.000062,42.408220,-71.125105,33.419857,10.000000,-1.000000,0.000000,0.980000
1456211529.000062,42.408220,-71.125105,33.129910,10.000000,-1.000000,0.000000,0.980000
1456211530.000062,42.408220,-71.125105,33.047359,10.000000,-1.000000,0.000000,0.980000
1456211531.000062,42.408220,-71.125105,32.917568,10.000000,-1.000000,0.000000,0.980000
1456211532.000062,42.408220,-71.125105,33.063869,10.000000,-1.000000,0.000000,0.980000
1456211533.000061,42.408220,-71.125105,33.173092,10.000000,-1.000000,0.000000,0.980000
1456211534.000061,42.408220,-71.125105,33.277737,10.000000,-1.000000,0.000000,0.980000
1456211535.000061,42.408220,-71.125105,33.406124,10.000000,-1.000000,0.000000,0.980000
1456211536.000062,42.408220,-71.125105,33.479488,10.000000,-1.000000,0.000000,0.980000
1456211537.000062,42.408220,-71.125105,33.389614,10.000000,-1.000000,0.000000,0.980000
1456211538.000062,42.408220,-71.125105,33.442318,10.000000,-1.000000,0.000000,0.980000
1456211539.000062,42.408220,-71.125105,33.489681,10.000000,-1.000000,0.000000,0.980000
1456211540.000062,42.408220,-71.125105,33.674313,10.000000,-1.000000,0.000000,0.980000
1456211541.000061,42.408220,-71.125105,33.837002,10.000000,-1.000000,0.000000,0.980000
1456211542.000062,42.408220,-71.125105,33.706203,10.000000,-1.000000,0.000000,0.980000
1456211543.000061,42.408220,-71.125105,33.618313,10.000000,-1.000000,0.000000,0.980000
1456211544.000061,42.408220,-71.125105,33.506649,10.000000,-1.000000,0.000000,0.980000
1456211545.000062,42.408220,-71.125105,33.503506,10.000000,-1.000000,0.000000,0.980000
1456211546.000062,42.408220,-71.125105,33.144222,10.000000,-1.000000,0.000000,0.980000
1456211547.000061,42.408220,-71.125105,33.275021,10.000000,-1.000000,0.000000,0.980000
1456211548.000062,42.408220,-71.125105,33.197598,10.000000,-1.000000,0.000000,0.980000
1456211549.000061,42.408220,-71.125105,33.183712,10.000000,-1.000000,0.000000,0.980000
1456211550.000061,42.408220,-71.125105,33.262630,10.000000,-1.000000,0.000000,0.980000
1456211551.000062,42.408220,-71.125105,33.308376,10.000000,-1.000000,0.000000,0.980000
1456211552.000062,42.408220,-71.125105,33.294277,10.000000,-1.000000,0.000000,0.980000
1456211553.000062,42.408220,-71.125105,33.343807,10.000000,-1.000000,0.000000,0.980000
1456211554.000062,42.408220,-71.125105,33.345852,10.000000,-1.000000,0.000000,0.980000
1456211555.000061,42.408220,-71.125105,33.191250,10.000000,-1.000000,0.000000,0.980000
1456211556.000062,42.408220,-71.125105,32.972073,10.000000,-1.000000,0.000000,0.980000
1456211557.000062,42.408220,-71.125105,33.109768,10.000000,-1.000000,0.000000,0.980000
1456211558.000062,42.408220,-71.125105,32.995235,10.000000,-1.000000,0.000000,0.980000
1456211559.000061,42.408220,-71.125105,33.223598,10.000000,-1.000000,0.000000,0.980000
1456211560.000062,42.408220,-71.125105,33.337246,10.000000,-1.000000,0.000000,0.980000
1456211561.000062,42.408220,-71.125105,33.249813,10.000000,-1.000000,0.000000,0.980000
1456211562.000062,42.408220,-71.125105,33.412930,10.000000,-1.000000,0.000000,0.980000
1456211563.000062,42.408220,-71.125105,33.361355,10.000000,-1.000000,0.000000,0.980000
1456211564.000062,42.408220,-71.125105,33.486813,10.000000,-1.000000,0.000000,0.980000
1456211565.000061,42.408220,-71.125105,33.487881,10.000000,-1.000000,0.000000,0.980000
1456211566.000062,42.408220,-71.125105,33.371944,10.000000,-1.000000,0.000000,0.980000
1456211567.000062,42.408220,-71.125105,33.110287,10.000000,-1.000000,0.000000,0.980000
1456211568.000062,42.408220,-71.125105,33.018887,10.000000,-1.000000,0.000000,0.980000
1456211569.000062,42.408220,-71.125105,32.982418,10.000000,-1.000000,0.000000,0.980000
1456211570.000062,42.408220,-71.125105,33.131039,10.000000,-1.000000,0.000000,0.980000
1456211571.000062,42.408220,-71.125105,33.010647,10.000000,-1.000000,0.000000,0.980000
1456211572.000061,42.408220,-71.125105,33.017727,10.000000,-1.000000,0.000000,0.980000
1456211573.000062,42.408220,-71.125105,33.205074,10.000000,-1.000000,0.000000,0.980000
1456211574.000061,42.408220,-71.125105,33.390621,10.000000,-1.000000,0.000000,0.980000
1456211575.000062,42.408220,-71.125105,33.203243,10.000000,-1.000000,0.000000,0.980000
1456211576.000062,42.408220,-71.125105,33.253262,10.000000,-1.000000,0.000000,0.980000
1456211577.000062,42.408220,-71.125105,33.300137,10.000000,-1.000000,0.000000,0.980000
1456211578.000061,42.408220,-71.125105,33.398800,10.000000,-1.000000,0.000000,0.980000
1456211579.000062,42.408220,-71.125105,33.460018,10.000000,-1.000000,0.000000,0.980000
1456211580.000062,42.408220,-71.125105,33.406185,10.000000,-1.000000,0.000000,0.980000
1456211581.000063,42.408220,-71.125105,33.226803,10.000000,-1.000000,0.000000,0.980000
1456211582.000062,42.408220,-71.125105,33.216549,10.000000,-1.000000,0.000000,0.980000
1456211583.000062,42.408220,-71.125105,33.178036,10.000000,-1.000000,0.000000,0.980000
1456211584.000062,42.408220,-71.125105,33.072964,10.000000,-1.000000,0.000000,0.980000
1456211585.000062,42.408220,-71.125105,33.041653,10.000000,-1.000000,0.000000,0.980000
1456211586.000062,42.408220,-71.125105,33.106472,10.000000,-1.000000,0.000000,0.980000
1456211587.000062,42.408220,-71.125105,32.788387,10.000000,-1.000000,0.000000,0.980000
1456211588.000062,42.408220,-71.125105,32.734432,10.000000,-1.000000,0.000000,0.980000
1456211589.000062,42.408220,-71.125105,32.874142,10.000000,-1.000000,0.000000,0.980000
1456211590.000062,42.408220,-71.125105,32.758480,10.000000,-1.000000,0.000000,0.980000
1456211591.000062,42.408220,-71.125105,32.935116,10.000000,-1.000000,0.000000,0.980000
1456211592.000062,42.408220,-71.125105,33.184261,10.000000,-1.000000,0.000000,0.980000
1456211593.000061,42.408220,-71.125105,33.163509,10.000000,-1.000000,0.000000,0.980000
1456211594.000062,42.408220,-71.125105,33.147243,10.000000,-1.000000,0.000000,0.980000
1456211595.000062,42.408220,-71.125105,33.190548,10.000000,-1.000000,0.000000,0.980000
1456211596.000061,42.408220,-71.125105,33.246670,10.000000,-1.000000,0.000000,0.980000
1456211597.000062,42.408220,-71.125105,33.070431,10.000000,-1.000000,0.000000,0.980000
1456211598.000061,42.408220,-71.125105,33.065426,10.000000,-1.000000,0.000000,0.980000
1456211599.000062,42.408220,-71.125105,33.180050,10.000000,-1.000000,0.000000,0.980000
1456211600.000062,42.408220,-71.125105,33.338772,10.000000,-1.000000,0.000000,0.980000
1456211601.000062,42.408220,-71.125105,33.419125,10.000000,-1.000000,0.000000,0.980000
1456211602.000062,42.408220,-71.125105,33.422237,10.000000,-1.000000,0.000000,0.980000
1456211603.000062,42.408220,-71.125105,33.133511,10.000000,-1.000000,0.000000,0.980000
1456211604.000062,42.408220,-71.125105,33.010799,10.000000,-1.000000,0.000000,0.980000
1456211605.000062,42.408220,-71.125105,33.168362,10.000000,-1.000000,0.000000,0.980000
1456211606.000062,42.408220,-71.125105,33.218166,10.000000,-1.000000,0.000000,0.980000
1456211607.000062,42.408220,-71.125105,33.245449,10.000000,-1.000000,0.000000,0.980000
1456211608.000062,42.408220,-71.125105,33.022549,10.000000,-1.000000,0.000000,0.980000
1456211609.000062,42.408220,-71.125105,32.850063,10.000000,-1.000000,0.000000,0.980000
1456211610.000061,42.408220,-71.125105,32.758907,10.000000,-1.000000,0.000000,0.980000
1456211611.000062,42.408220,-71.125105,32.892605,10.000000,-1.000000,0.000000,0.980000
1456211612.000061,42.408220,-71.125105,32.787930,10.000000,-1.000000,0.000000,0.980000
1456211613.000062,42.408220,-71.125105,32.858669,10.000000,-1.000000,0.000000,0.980000
1456211614.000062,42.408220,-71.125105,32.876217,10.000000,-1.000000,0.000000,0.980000
1456211615.000062,42.408220,-71.125105,32.899319,10.000000,-1.000000,0.000000,0.980000
1456233992.256900,42.408234,-71.125208,19.622257,65.000000,-1.000000,-1.000000,0.950000
1456233992.256963,42.408234,-71.125208,19.622257,65.000000,-1.000000,-1.000000,0.950000
1456233992.256987,42.408234,-71.125208,19.622257,65.000000,-1.000000,-1.000000,0.950000
1456233992.260155,42.408235,-71.125157,18.661222,65.000000,-1.000000,-1.000000,0.950000
1456233992.260155,42.408230,-71.125138,18.097275,65.000000,-1.000000,-1.000000,0.950000
1456233992.351393,42.408228,-71.125132,17.724957,65.000000,-1.000000,-1.000000,0.950000
